Q233,Q238,Q243,Q258,Q262,Q270,Q266,Q248,Q274,Q278,Q282,Q253,Q286,Q239,Q259,Q263,Q271,Q267,Q275,Q279,Q283,Q287,AdjCourseRecLabel,AdjCourseRecScore,AdjMissionLangExposure,Adv,SC2,AdvSelfAssessSpeak,AdvSelfAssessWrite,AdvSelfRating,Q131_Id,Q131_Name,Q131_Size,Q131_Type,Q135_Id,Q135_Name,Q135_Size,Q135_Type,Q139_Id,Q139_Name,Q139_Size,Q139_Type,AdvSpR1_URL,AdvSpR2_URL,AdvSpR3_URL,Q29...47,Q179_Id,Q179_Name,Q179_Size,Q179_Type,AdvWritR1,AdvWritR1_Chi,Beg_1,Beg_2,QID313_Browser,Q4_Browser,Q11_Browser,Q15_Browser,Q23_Browser,Q19_Browser,Q128_Browser,Q132_Browser,Q136_Browser,Q140_Browser,QID313_Operating System,Q4_Operating System,Q11_Operating System,Q15_Operating System,Q23_Operating System,Q19_Operating System,Q128_Operating System,Q132_Operating System,Q136_Operating System,Q140_Operating System,QID313_Resolution,Q4_Resolution,Q11_Resolution,Q15_Resolution,Q23_Resolution,Q19_Resolution,Q128_Resolution,Q132_Resolution,Q136_Resolution,Q140_Resolution,QID313_Version,Q4_Version,Q11_Version,Q15_Version,Q23_Version,Q19_Version,Q128_Version,Q132_Version,Q136_Version,Q140_Version,BYU_email,Q5...97,Class,ClassNumber,Q3...100,CourseRecommend,CurrentDate,CurrentYear,Dept,DistributionChannel,Duration (in seconds),Q7...107,EndDate,EnrolledCourse,ExternalReference,Q21,Q18...112,Q22,Q17...114,Q8...115,Q12...116,Q9...117,Q13...118,Q3...119,Q6...120,Q26,Q28,FinalClassRecommend,FinClassRecScore,Finished,Q1...126,Q2...127,Q231,Q236,Q241,Q256,Q260,Q268,Q264,Q246,Q272,Q276,Q280,Q251,Q284,Q3...141,Q1...142,SC18,Grit,Q2...145,Q3...146,Q4...147,Q5...148,Q6...149,Q7...150,Q8...151,Q9...152,Q10...153,Q11...154,hookType,Q9...156,Q19...157,Q4...158,Q325,InstructorEmail,Q3...161,InstructorLastName,Int_1,Int_2,SC1,IntSelfAssessSpeak,IntSelfAssessWrite,IntSelfRating,Q14_Id,Q14_Name,Q14_Size,Q14_Type,Q18_Id,Q18_Name,Q18_Size,Q18_Type,Q22_Id,Q22_Name,Q22_Size,Q22_Type,Q26_Id,Q26_Name,Q26_Size,Q26_Type,IntSpR1_URL,IntSpR2_URL,IntSpR3_URL,IntSpR4_URL,Q10...189,IntWritR1,Q177_Id,Q177_Name,Q177_Size,Q177_Type,IntWritR1_Chi,IPAddress,Lang_Learn_Background,Q4_2...198,Q4_1...199,Q4_3...200,SC4,LangDistEng,Q3_0_GROUP,Q3_15_TEXT,Q3_0_30_RANK,Q3_0_87_RANK,Q3_0_32_RANK,Q3_0_31_RANK,Q3_0_33_RANK,Q3_0_34_RANK,Q3_0_35_RANK,Q3_0_38_RANK,Q3_0_36_RANK,Q3_0_37_RANK,Q3_0_39_RANK,Q3_0_40_RANK,Q3_0_41_RANK,Q3_0_42_RANK,Q3_0_4_RANK,Q3_0_43_RANK,Q3_0_44_RANK,Q3_0_45_RANK,Q3_0_29_RANK,Q3_0_46_RANK,Q3_0_47_RANK,Q3_0_48_RANK,Q3_0_49_RANK,Q3_0_50_RANK,Q3_0_88_RANK,Q3_0_51_RANK,Q3_0_52_RANK,Q3_0_53_RANK,Q3_0_54_RANK,Q3_0_55_RANK,Q3_0_56_RANK,Q3_0_57_RANK,Q3_0_58_RANK,Q3_0_59_RANK,Q3_0_60_RANK,Q3_0_61_RANK,Q3_0_62_RANK,Q3_0_89_RANK,Q3_0_63_RANK,Q3_0_64_RANK,Q3_0_65_RANK,Q3_0_66_RANK,Q3_0_67_RANK,Q3_0_68_RANK,Q3_0_69_RANK,Q3_0_15_RANK,Q3_0_70_RANK,Q3_0_71_RANK,Q3_0_27_RANK,Q3_0_72_RANK,Q3_0_73_RANK,Q3_0_74_RANK,Q3_0_75_RANK,Q3_0_76_RANK,Q3_0_77_RANK,Q3_0_16_RANK,Q3_0_78_RANK,Q3_0_85_RANK,Q3_0_79_RANK,Q3_0_80_RANK,Q3_0_81_RANK,Q3_0_82_RANK,Q3_0_83_RANK,LangExpLabel,LangToStudy,Language Exposure,SC9,Q5...272,LanguageImmersion,LanguageImmersionHours,Q6_4_TEXT,Q6...276,Q14...277,LanguageSchoolYears,Q10...279,LLBackgroundAdjustment,LocationLatitude,LocationLongitude,QID314,Q10...284,Q11...285,SC6,MissionLangMonths,Q13...288,SC7,NatCompMonths_MissionLangMonths,NativeLangScore,SC5,NativeLanguage,Q4_15_TEXT,Q4...295,Q6...296,NetID,Q5_2...298,Q5_2...299,Q5_4...300,Q5_4...301,Q5_6...302,Q5_6...303,Q5_7...304,Q5_7...305,Q5_3...306,Q5_3...307,Q5_5...308,Q5_5...309,Q5_1...310,Q5_1...311,Q4_2...312,Q4_2...313,Q4_6...314,Q4_6...315,Q4_4...316,Q4_4...317,Q4_3...318,Q4_3...319,Q4_7...320,Q4_7...321,Q4_8...322,Q4_8...323,Q4_5...324,Q4_5...325,Q4_1...326,Q4_1...327,SC0,NoviceSelfRating,NovSelfAssessSpeak,NovSelfAssessWrite,Q7_Id,Q7_Name,Q7_Size,Q7_Type,NovSpR1_URL,Q319,NovWritR1,Q173_Id,Q173_Name,Q173_Size,Q173_Type,NovWritR1_Chi,Q2_4...344,Q2_4...345,Q2_5...346,Q2_5...347,Q2_1...348,Q2_1...349,Q2_2...350,Q2_2...351,Q2_3...352,Q2_3...353,Q2_6...354,Q2_6...355,Q3_4...356,Q3_4...357,Q3_1...358,Q3_1...359,Q3_2...360,Q3_2...361,Q3_3...362,Q3_3...363,Q3_5...364,Q3_5...365,Q12...366,Q8...367,Q9...368,Q8_1,Q8_448,Q8_396,Q8_495,Q8_397,Q8_496,Q8_315,Q8_355,Q8_449,Q8_552,Q8_398,Q8_450,Q8_316,Q8_451,Q8_452,Q8_173,Q8_399,Q8_400,Q8_317,Q8_497,Q8_453,Q8_356,Q8_401,Q8_498,Q8_357,Q8_454,Q8_402,Q8_499,Q8_500,Q8_455,Q8_501,Q8_172,Q8_502,Q8_503,Q8_504,Q8_358,Q8_456,Q8_527,Q8_567,Q8_359,Q8_505,Q8_174,Q8_403,Q8_318,Q8_457,Q8_404,Q8_506,Q8_405,Q8_509,Q8_319,Q8_257,Q8_360,Q8_510,Q8_308,Q8_511,Q8_512,Q8_406,Q8_513,Q8_553,Q8_407,Q8_408,Q8_514,Q8_515,Q8_458,Q8_409,Q8_516,Q8_410,Q8_309,Q8_554,Q8_310,Q8_517,Q8_518,Q8_361,Q8_320,Q8_311,Q8_459,Q8_411,Q8_412,Q8_460,Q8_461,Q8_462,Q8_413,Q8_463,Q8_414,Q8_508,Q8_321,Q8_464,Q8_465,Q8_466,Q8_519,Q8_555,Q8_415,Q8_468,Q8_469,Q8_470,Q8_416,Q8_471,Q8_520,Q8_521,Q8_522,Q8_417,Q8_418,Q8_419,Q8_523,Q8_524,Q8_472,Q8_473,Q8_525,Q8_421,Q8_556,Q8_526,Q8_529,Q8_528,Q8_530,Q8_322,Q8_557,Q8_422,Q8_423,Q8_474,Q8_424,Q8_531,Q8_532,Q8_475,Q8_533,Q8_558,Q8_476,Q8_425,Q8_559,Q8_323,Q8_534,Q8_535,Q8_353,Q8_426,Q8_477,Q8_478,Q8_560,Q8_479,Q8_312,Q8_561,Q8_362,Q8_363,Q8_480,Q8_427,Q8_428,Q8_324,Q8_481,Q8_507,Q8_420,Q8_429,Q8_430,Q8_536,Q8_325,Q8_313,Q8_326,Q8_562,Q8_431,Q8_537,Q8_482,Q8_538,Q8_432,Q8_539,Q8_540,Q8_483,Q8_433,Q8_434,Q8_563,Q8_541,Q8_542,Q8_467,Q8_435,Q8_484,Q8_543,Q8_364,Q8_544,Q8_436,Q8_437,Q8_485,Q8_486,Q8_545,Q8_487,Q8_488,Q8_546,Q8_564,Q8_314,Q8_547,Q8_489,Q8_490,Q8_565,Q8_548,Q8_438,Q8_491,Q8_439,Q8_365,Q8_327,Q8_492,Q8_440,Q8_395,Q8_493,Q8_549,Q8_494,Q8_550,Q8_551,Progress,Q_CHL,RecipientEmail,RecipientFirstName,RecipientLastName,RecommendedLevel,RecordedDate,ResponseId,Status,Q2...580,Q19...581,Q23,Q20,Q24,Q10...585,Q14...586,Q11...587,Q15...588,Q4...589,Q5...590,Q27,Q29...592,ScoreReport,ScoreReportPart1,SC12,SC16,SC11,SC15,SC10,SC14,SelfAssessSpeak_Ave,SC13,SC17,SelfAssessWrite_Ave,ClassLevel,SpeakSelfAssess,SpeakSelfAssessMajLev,SpeakStudy,Q2_61_TEXT,Q212_61_TEXT,Q2...611,Q212,SpeakStudy_NativeLanguage,StartDate,SC8,StudyAbroad_MissionLangMonths,Q17...617,Q15...618,Q18...619,SC3,SupSelfAssessSpeak,SupSelfAssessWrite,SupSelfRating,Q143_Id,Q143_Name,Q143_Size,Q143_Type,SupSpR1_URL,Q145,Q181_Id,Q181_Name,Q181_Size,Q181_Type,SupWritR1,SupWritR1_Chi,Q2...636,Q1...637,Q232,Q237,Q242,Q257,Q261,Q269,Q265,Q247,Q273,Q277,Q281,Q252,Q285,Q2_Click Count,Q183_Click Count,Q9_Click Count,Q184_Click Count,Q28_Click Count,Q185_Click Count,Q144_Click Count,Q186_Click Count,Q2_First Click,Q183_First Click,Q9_First Click,Q184_First Click,Q28_First Click,Q185_First Click,Q144_First Click,Q186_First Click,Q2_Last Click,Q183_Last Click,Q9_Last Click,Q184_Last Click,Q28_Last Click,Q185_Last Click,Q144_Last Click,Q186_Last Click,Q2_Page Submit,Q183_Page Submit,Q9_Page Submit,Q184_Page Submit,Q28_Page Submit,Q185_Page Submit,Q144_Page Submit,Q186_Page Submit,UnadjCourseRecLabel,UnadjCourseRecScore,UserLanguage,Username_Lang,Q16,Q158,Q160,Q4...693,Q7...694,willBool,Q235,Q245,Q250,Q255,WriteSelfAssess,WriteSelfAssessMajLevel,OPIc_Score,OPIc_Date,WPT_Score,WPT_Date,OPI_Score,OPI_Date,Writing_Calibration_Score,Speaking_Calibration_Score
AccGram,AccGram,AccGram,AccGram,AccGram,AccGram,AccGram,AccGram,AccGram,AccGram,AccGram,AccGram,AccGram,AccPron,AccPron,AccPron,AccPron,AccPron,AccPron,AccPron,AccPron,AccPron,AdjCourseRecLabel,AdjCourseRecScore,AdjMissionLangExposure,Adv,Advanced,AdvSelfAssessSpeak,AdvSelfAssessWrite,AdvSelfRating,AdvSp1Upload - Id,AdvSp1Upload - Name,AdvSp1Upload - Size,AdvSp1Upload - Type,AdvSp2Upload - Id,AdvSp2Upload - Name,AdvSp2Upload - Size,AdvSp2Upload - Type,AdvSp3Upload - Id,AdvSp3Upload - Name,AdvSp3Upload - Size,AdvSp3Upload - Type,AdvSpR1_URL,AdvSpR2_URL,AdvSpR3_URL,AdvWrit1,AdvWrit1 (Chinese) - Id,AdvWrit1 (Chinese) - Name,AdvWrit1 (Chinese) - Size,AdvWrit1 (Chinese) - Type,AdvWritR1,AdvWritR1_Chi,Beg_1,Beg_2,Browser Meta Info - Browser,Browser Meta Info - Browser,Browser Meta Info - Browser,Browser Meta Info - Browser,Browser Meta Info - Browser,Browser Meta Info - Browser,Browser Meta Info - Browser,Browser Meta Info - Browser,Browser Meta Info - Browser,Browser Meta Info - Browser,Browser Meta Info - Operating System,Browser Meta Info - Operating System,Browser Meta Info - Operating System,Browser Meta Info - Operating System,Browser Meta Info - Operating System,Browser Meta Info - Operating System,Browser Meta Info - Operating System,Browser Meta Info - Operating System,Browser Meta Info - Operating System,Browser Meta Info - Operating System,Browser Meta Info - Resolution,Browser Meta Info - Resolution,Browser Meta Info - Resolution,Browser Meta Info - Resolution,Browser Meta Info - Resolution,Browser Meta Info - Resolution,Browser Meta Info - Resolution,Browser Meta Info - Resolution,Browser Meta Info - Resolution,Browser Meta Info - Resolution,Browser Meta Info - Version,Browser Meta Info - Version,Browser Meta Info - Version,Browser Meta Info - Version,Browser Meta Info - Version,Browser Meta Info - Version,Browser Meta Info - Version,Browser Meta Info - Version,Browser Meta Info - Version,Browser Meta Info - Version,BYU_email,BYUID,Class,ClassNumber,ClassRegistration,CourseRecommend,CurrentDate,CurrentYear,Dept,Distribution Channel,Duration (in seconds),Email,End Date,EnrolledCourse,External Data Reference,FamAdvNDPWr,FamAdvNegCompSp,FamAdvNegComWr,FamAdvPNDSp,FamIntCrSp,FamIntCrWr,FamIntQASp,FamIntQAWr,FamNovSp,FamNovWr,FamSupSp,FamSupWr,FinalClassRecommend,FinClassRecScore,Finished,For what class have you signed up for?,For which semester are you taking this test?,Function2,Function2,Function2,Function2,Function2,Function2,Function2,Function2,Function2,Function2,Function2,Function2,Function2,Gender,GivenName,Grit,Grit,GRIT1,GRIT2,GRIT3,GRIT4,GRIT5,GRIT6,GRIT7,GRIT8,GRIT9,GRITComments,hookType,In what mission did you serve?,Informally,InstructorEmail,InstructorEmail,InstructorEmail,InstructorLastName,InstructorLastName,Int_1,Int_2,Intermediate,IntSelfAssessSpeak,IntSelfAssessWrite,IntSelfRating,IntSp1Upload - Id,IntSp1Upload - Name,IntSp1Upload - Size,IntSp1Upload - Type,IntSp2Upload - Id,IntSp2Upload - Name,IntSp2Upload - Size,IntSp2Upload - Type,IntSp3Upload - Id,IntSp3Upload - Name,IntSp3Upload - Size,IntSp3Upload - Type,IntSp4Upload - Id,IntSp4Upload - Name,IntSp4Upload - Size,IntSp4Upload - Type,IntSpR1_URL,IntSpR2_URL,IntSpR3_URL,IntSpR4_URL,IntWritR1,IntWritR1,IntWritR1 (Chinese) - Id,IntWritR1 (Chinese) - Name,IntWritR1 (Chinese) - Size,IntWritR1 (Chinese) - Type,IntWritR1_Chi,IP Address,Lang_Learn_Background,LangCourseInfo - Course,LangCourseInfo - Language,LangCourseInfo - Section,LangDistEng,LangDistEng,LangDomOrder - Groups - Dominance,LangDomOrder - Other: - Text,LangDomOrder - Ranks - Dominance - Albanian - Rank,LangDomOrder - Ranks - Dominance - Arabic - Rank,LangDomOrder - Ranks - Dominance - Armenian - Rank,LangDomOrder - Ranks - Dominance - ASL - Rank,LangDomOrder - Ranks - Dominance - Bulgarian - Rank,LangDomOrder - Ranks - Dominance - Burmese - Rank,LangDomOrder - Ranks - Dominance - Cambodian (Khmer) - Rank,LangDomOrder - Ranks - Dominance - Cebuano - Rank,LangDomOrder - Ranks - Dominance - Chinese (Cantonese) - Rank,LangDomOrder - Ranks - Dominance - Chinese (Mandarin) - Rank,LangDomOrder - Ranks - Dominance - Croatian - Rank,LangDomOrder - Ranks - Dominance - Czech - Rank,LangDomOrder - Ranks - Dominance - Danish - Rank,LangDomOrder - Ranks - Dominance - Dutch - Rank,LangDomOrder - Ranks - Dominance - English - Rank,LangDomOrder - Ranks - Dominance - Estonian - Rank,LangDomOrder - Ranks - Dominance - Fijian - Rank,LangDomOrder - Ranks - Dominance - Finnish - Rank,LangDomOrder - Ranks - Dominance - French - Rank,LangDomOrder - Ranks - Dominance - Georgian - Rank,LangDomOrder - Ranks - Dominance - German - Rank,LangDomOrder - Ranks - Dominance - Greek - Rank,LangDomOrder - Ranks - Dominance - Guarani - Rank,LangDomOrder - Ranks - Dominance - Haitian - Rank,LangDomOrder - Ranks - Dominance - Hebrew - Rank,LangDomOrder - Ranks - Dominance - Hiligaynon - Rank,LangDomOrder - Ranks - Dominance - Hindi - Rank,LangDomOrder - Ranks - Dominance - Hmong - Rank,LangDomOrder - Ranks - Dominance - Hungarian - Rank,LangDomOrder - Ranks - Dominance - Icelandic - Rank,LangDomOrder - Ranks - Dominance - Indonesian - Rank,LangDomOrder - Ranks - Dominance - Italian - Rank,LangDomOrder - Ranks - Dominance - Japanese - Rank,LangDomOrder - Ranks - Dominance - Kekchi - Rank,LangDomOrder - Ranks - Dominance - Kiribati - Rank,LangDomOrder - Ranks - Dominance - Korean - Rank,LangDomOrder - Ranks - Dominance - Lao - Rank,LangDomOrder - Ranks - Dominance - Latin - Rank,LangDomOrder - Ranks - Dominance - Latvian - Rank,LangDomOrder - Ranks - Dominance - Lithuanian - Rank,LangDomOrder - Ranks - Dominance - Malagasy - Rank,LangDomOrder - Ranks - Dominance - Malay - Rank,LangDomOrder - Ranks - Dominance - Marshallese - Rank,LangDomOrder - Ranks - Dominance - Mongolian - Rank,LangDomOrder - Ranks - Dominance - Norwegian - Rank,LangDomOrder - Ranks - Dominance - Other: - Rank,LangDomOrder - Ranks - Dominance - Persian - Rank,LangDomOrder - Ranks - Dominance - Polish - Rank,LangDomOrder - Ranks - Dominance - Portuguese - Rank,LangDomOrder - Ranks - Dominance - Romanian - Rank,LangDomOrder - Ranks - Dominance - Russian - Rank,LangDomOrder - Ranks - Dominance - Samoan - Rank,LangDomOrder - Ranks - Dominance - Serbian - Rank,LangDomOrder - Ranks - Dominance - Slovak - Rank,LangDomOrder - Ranks - Dominance - Slovenian - Rank,LangDomOrder - Ranks - Dominance - Spanish - Rank,LangDomOrder - Ranks - Dominance - Swedish - Rank,LangDomOrder - Ranks - Dominance - Tagalog - Rank,LangDomOrder - Ranks - Dominance - Thai - Rank,LangDomOrder - Ranks - Dominance - Tongan - Rank,LangDomOrder - Ranks - Dominance - Turkish - Rank,LangDomOrder - Ranks - Dominance - Ukrainian - Rank,LangDomOrder - Ranks - Dominance - Vietnamese - Rank,LangExpLabel,LangToStudy,Language Exposure,Language Learner Background,LanguageAcqAge,LanguageImmersion,LanguageImmersionHours,LanguageLearningEnvironment - Other (please specify how and for how long): - Text,LanguageLearningEnvironment - Selected Choice,LanguageSchoolYears,LanguageSchoolYears,LanguageToSurvey,LLBackgroundAdjustment,Location Latitude,Location Longitude,MicrophoneCompatabilityCheck,MissionEndDate,MissionLangMonths,MissionLangMonths,MissionLangMonths,NatCompMonths,NatCompMonths,NatCompMonths_MissionLangMonths,NativeLangScore,NativeLanguage,NativeLanguage,NativeLanguage - Other: - Text,NativeLanguage - Selected Choice,NetID,NetID,NNS_SameLang_Abroad - I am willing to ask questions in [Field-LangToStudy] in large group settings of other native English-speaking missionaries learning [Field-LangToStudy].,NNS_SameLang_Abroad - I am willing to ask questions in [Field-LangToStudy] in large group settings of other native English-speaking missionaries learning [Field-LangToStudy].,NNS_SameLang_Abroad - I am willing to speak in [Field-LangToStudy] in pair and small group settings with other native English-speaking missionaries learning [Field-LangToStudy].,NNS_SameLang_Abroad - I am willing to speak in [Field-LangToStudy] in pair and small group settings with other native English-speaking missionaries learning [Field-LangToStudy].,NNS_SameLang_Abroad - I am willing to speak in [Field-LangToStudy] with a group composed of friends that are also [Field-LangToStudy] learners.,NNS_SameLang_Abroad - I am willing to speak in [Field-LangToStudy] with a group composed of friends that are also [Field-LangToStudy] learners.,NNS_SameLang_Abroad - I am willing to speak in [Field-LangToStudy] with a group NOT composed of friends that are also [Field-LangToStudy] learners.,NNS_SameLang_Abroad - I am willing to speak in [Field-LangToStudy] with a group NOT composed of friends that are also [Field-LangToStudy] learners.,NNS_SameLang_Abroad - I am willing to talk and express my opinions in [Field-LangToStudy] in  large group settings of other native English-speaking missionaries learning [Field-LangToStudy] that are listening to me.,NNS_SameLang_Abroad - I am willing to talk and express my opinions in [Field-LangToStudy] in  large group settings of other native English-speaking missionaries learning [Field-LangToStudy] that are listening to me.,NNS_SameLang_Abroad - I am willing to teach a lesson in [Field-LangToStudy] in front of a large group of other native English-speaking missionaries learning [Field-LangToStudy].,NNS_SameLang_Abroad - I am willing to teach a lesson in [Field-LangToStudy] in front of a large group of other native English-speaking missionaries learning [Field-LangToStudy].,"NNS_SameLang_Abroad - In order to practice my [Field-LangToStudy], I am willing to speak in [Field-LangToStudy] with native English-speaking missionaries learning [Field-LangToStudy].","NNS_SameLang_Abroad - In order to practice my [Field-LangToStudy], I am willing to speak in [Field-LangToStudy] with native English-speaking missionaries learning [Field-LangToStudy].",NNS_SameLang_School - I am willing to ask questions in [Field-LangToStudy] in the classes at the university.,NNS_SameLang_School - I am willing to ask questions in [Field-LangToStudy] in the classes at the university.,NNS_SameLang_School - I am willing to give a presentation in [Field-LangToStudy] in front of my classmates.,NNS_SameLang_School - I am willing to give a presentation in [Field-LangToStudy] in front of my classmates.,NNS_SameLang_School - I am willing to have pair and group activities in the class so that I can talk in [Field-LangToStudy] with my classmates.,NNS_SameLang_School - I am willing to have pair and group activities in the class so that I can talk in [Field-LangToStudy] with my classmates.,NNS_SameLang_School - I am willing to talk and express my opinions in [Field-LangToStudy] in the class when all my classmates are listening to me.,NNS_SameLang_School - I am willing to talk and express my opinions in [Field-LangToStudy] in the class when all my classmates are listening to me.,"NNS_SameLang_School - In group work activities in the class when the group is composed of my friends, I am willing to speak in [Field-LangToStudy].","NNS_SameLang_School - In group work activities in the class when the group is composed of my friends, I am willing to speak in [Field-LangToStudy].","NNS_SameLang_School - In group work activities in the class when the group is NOT composed of my friends, I am willing to speak in [Field-LangToStudy].","NNS_SameLang_School - In group work activities in the class when the group is NOT composed of my friends, I am willing to speak in [Field-LangToStudy].",NNS_SameLang_School - In order to practice my [Field-LangToStudy] I am willing to talk in [Field-LangToStudy] with my professors outside the class.,NNS_SameLang_School - In order to practice my [Field-LangToStudy] I am willing to talk in [Field-LangToStudy] with my professors outside the class.,"NNS_SameLang_School - In order to practice my [Field-LangToStudy], I am willing to talk in [Field-LangToStudy] with my classmates outside the class.","NNS_SameLang_School - In order to practice my [Field-LangToStudy], I am willing to talk in [Field-LangToStudy] with my classmates outside the class.",Novice,NoviceSelfRating,NovSelfAssessSpeak,NovSelfAssessWrite,NovSp1Upload - Id,NovSp1Upload - Name,NovSp1Upload - Size,NovSp1Upload - Type,NovSpR1_URL,NovWritR1,NovWritR1,NovWritR1 (Chinese) - Id,NovWritR1 (Chinese) - Name,NovWritR1 (Chinese) - Size,NovWritR1 (Chinese) - Type,NovWritR1_Chi,NS_At_Home - I am willing to accompany some native speakers of [Field-LangToStudy] and be their tour guide for a day free of charge.,NS_At_Home - I am willing to accompany some native speakers of [Field-LangToStudy] and be their tour guide for a day free of charge.,NS_At_Home - I am willing to talk with native speakers of [Field-LangToStudy].,NS_At_Home - I am willing to talk with native speakers of [Field-LangToStudy].,"NS_At_Home - If I encountered some native speakers of [Field-LangToStudy] in the street, restaurant, hotel, etc., I hope an opportunity would arise and they would talk to me.","NS_At_Home - If I encountered some native speakers of [Field-LangToStudy] in the street, restaurant, hotel, etc., I hope an opportunity would arise and they would talk to me.","NS_At_Home - If I encountered some native speakers of [Field-LangToStudy] in the street, restaurant, hotel, etc., I would find an excuse and would talk to them.","NS_At_Home - If I encountered some native speakers of [Field-LangToStudy] in the street, restaurant, hotel, etc., I would find an excuse and would talk to them.","NS_At_Home - If I encountered some native speakers of [Field-LangToStudy] who are facing problems in my country because of not knowing our language, I would take advantage of this opportunity and would talk to them.","NS_At_Home - If I encountered some native speakers of [Field-LangToStudy] who are facing problems in my country because of not knowing our language, I would take advantage of this opportunity and would talk to them.",NS_At_Home - If someone introduced me to a native-speaker of [Field-LangToStudy] I would like to try my abilities in communicating with him/her in [Field-LangToStudy].,NS_At_Home - If someone introduced me to a native-speaker of [Field-LangToStudy] I would like to try my abilities in communicating with him/her in [Field-LangToStudy].,NS_Online - I am willing to communicate with native speakers of [Field-LangToStudy] online.,NS_Online - I am willing to communicate with native speakers of [Field-LangToStudy] online.,"NS_Online - If I encountered some native speakers of [Field-LangToStudy] in an online forum, I hope an opportunity would arise and they would message me.","NS_Online - If I encountered some native speakers of [Field-LangToStudy] in an online forum, I hope an opportunity would arise and they would message me.","NS_Online - If I encountered some native speakers of [Field-LangToStudy] in an online forum, I would find an excuse and would message them.","NS_Online - If I encountered some native speakers of [Field-LangToStudy] in an online forum, I would find an excuse and would message them.","NS_Online - If I encountered some native speakers of [Field-LangToStudy] who are facing problems online because of not knowing our language, I would take advantage of this opportunity and would message them.","NS_Online - If I encountered some native speakers of [Field-LangToStudy] who are facing problems online because of not knowing our language, I would take advantage of this opportunity and would message them.","NS_Online - If someone introduced me to a native-speaker of [Field-LangToStudy], I would like to try my abilities in communicating with him/her in [Field-LangToStudy] online.","NS_Online - If someone introduced me to a native-speaker of [Field-LangToStudy], I would like to try my abilities in communicating with him/her in [Field-LangToStudy] online.",NumNativeComps,Phone,Please contact me with opportunities to be involved in other language learning programs or research,"Please select the country(ies) that you have served in.
Please rank the countries in order of duration, having served the most time in #1. - Afghanistan","Please select the country(ies) that you have served in.
Please rank the countries in order of duration, having served the most time in #1. - Albania","Please select the country(ies) that you have served in.
Please rank the countries in order of duration, having served the most time in #1. - Algeria","Please select the country(ies) that you have served in.
Please rank the countries in order of duration, having served the most time in #1. - Andorra","Please select the country(ies) that you have served in.
Please rank the countries in order of duration, having served the most time in #1. - Angola","Please select the country(ies) that you have served in.
Please rank the countries in order of duration, having served the most time in #1. - Antigua and Barbuda","Please select the country(ies) that you have served in.
Please rank the countries in order of duration, having served the most time in #1. - Argentina","Please select the country(ies) that you have served in.
Please rank the countries in order of duration, having served the most time in #1. - Armenia","Please select the country(ies) that you have served in.
Please rank the countries in order of duration, having served the most time in #1. - Australia","Please select the country(ies) that you have served in.
Please rank the countries in order of duration, having served the most time in #1. - Austria","Please select the country(ies) that you have served in.
Please rank the countries in order of duration, having served the most time in #1. - Azerbaijan","Please select the country(ies) that you have served in.
Please rank the countries in order of duration, having served the most time in #1. - Bahamas","Please select the country(ies) that you have served in.
Please rank the countries in order of duration, having served the most time in #1. - Bahrain","Please select the country(ies) that you have served in.
Please rank the countries in order of duration, having served the most time in #1. - Bangladesh","Please select the country(ies) that you have served in.
Please rank the countries in order of duration, having served the most time in #1. - Barbados","Please select the country(ies) that you have served in.
Please rank the countries in order of duration, having served the most time in #1. - Belarus","Please select the country(ies) that you have served in.
Please rank the countries in order of duration, having served the most time in #1. - Belgium","Please select the country(ies) that you have served in.
Please rank the countries in order of duration, having served the most time in #1. - Belize","Please select the country(ies) that you have served in.
Please rank the countries in order of duration, having served the most time in #1. - Benin","Please select the country(ies) that you have served in.
Please rank the countries in order of duration, having served the most time in #1. - Bhutan","Please select the country(ies) that you have served in.
Please rank the countries in order of duration, having served the most time in #1. - Bolivia","Please select the country(ies) that you have served in.
Please rank the countries in order of duration, having served the most time in #1. - Bosnia and Herzegovina","Please select the country(ies) that you have served in.
Please rank the countries in order of duration, having served the most time in #1. - Botswana","Please select the country(ies) that you have served in.
Please rank the countries in order of duration, having served the most time in #1. - Brazil","Please select the country(ies) that you have served in.
Please rank the countries in order of duration, having served the most time in #1. - Brunei","Please select the country(ies) that you have served in.
Please rank the countries in order of duration, having served the most time in #1. - Bulgaria","Please select the country(ies) that you have served in.
Please rank the countries in order of duration, having served the most time in #1. - Burkina Faso","Please select the country(ies) that you have served in.
Please rank the countries in order of duration, having served the most time in #1. - Burundi","Please select the country(ies) that you have served in.
Please rank the countries in order of duration, having served the most time in #1. - Cambodia","Please select the country(ies) that you have served in.
Please rank the countries in order of duration, having served the most time in #1. - Cameroon","Please select the country(ies) that you have served in.
Please rank the countries in order of duration, having served the most time in #1. - Canada","Please select the country(ies) that you have served in.
Please rank the countries in order of duration, having served the most time in #1. - Cape Verde","Please select the country(ies) that you have served in.
Please rank the countries in order of duration, having served the most time in #1. - Central African Republic","Please select the country(ies) that you have served in.
Please rank the countries in order of duration, having served the most time in #1. - Chad","Please select the country(ies) that you have served in.
Please rank the countries in order of duration, having served the most time in #1. - Chile","Please select the country(ies) that you have served in.
Please rank the countries in order of duration, having served the most time in #1. - China","Please select the country(ies) that you have served in.
Please rank the countries in order of duration, having served the most time in #1. - Click to write Choice 163","Please select the country(ies) that you have served in.
Please rank the countries in order of duration, having served the most time in #1. - Click to write Choice 202","Please select the country(ies) that you have served in.
Please rank the countries in order of duration, having served the most time in #1. - Colombia","Please select the country(ies) that you have served in.
Please rank the countries in order of duration, having served the most time in #1. - Comoros","Please select the country(ies) that you have served in.
Please rank the countries in order of duration, having served the most time in #1. - Costa Rica","Please select the country(ies) that you have served in.
Please rank the countries in order of duration, having served the most time in #1. - Croatia","Please select the country(ies) that you have served in.
Please rank the countries in order of duration, having served the most time in #1. - Cuba","Please select the country(ies) that you have served in.
Please rank the countries in order of duration, having served the most time in #1. - Cyprus","Please select the country(ies) that you have served in.
Please rank the countries in order of duration, having served the most time in #1. - Czech Republic","Please select the country(ies) that you have served in.
Please rank the countries in order of duration, having served the most time in #1. - Democratic Republic of Congo","Please select the country(ies) that you have served in.
Please rank the countries in order of duration, having served the most time in #1. - Denmark","Please select the country(ies) that you have served in.
Please rank the countries in order of duration, having served the most time in #1. - Djibouti","Please select the country(ies) that you have served in.
Please rank the countries in order of duration, having served the most time in #1. - Domincan Republic","Please select the country(ies) that you have served in.
Please rank the countries in order of duration, having served the most time in #1. - Dominica","Please select the country(ies) that you have served in.
Please rank the countries in order of duration, having served the most time in #1. - Ecuador","Please select the country(ies) that you have served in.
Please rank the countries in order of duration, having served the most time in #1. - Egypt","Please select the country(ies) that you have served in.
Please rank the countries in order of duration, having served the most time in #1. - El Salvador","Please select the country(ies) that you have served in.
Please rank the countries in order of duration, having served the most time in #1. - Equatorial Guinea","Please select the country(ies) that you have served in.
Please rank the countries in order of duration, having served the most time in #1. - Eritea","Please select the country(ies) that you have served in.
Please rank the countries in order of duration, having served the most time in #1. - Estonia","Please select the country(ies) that you have served in.
Please rank the countries in order of duration, having served the most time in #1. - Ethiopia","Please select the country(ies) that you have served in.
Please rank the countries in order of duration, having served the most time in #1. - Fiji","Please select the country(ies) that you have served in.
Please rank the countries in order of duration, having served the most time in #1. - Finland","Please select the country(ies) that you have served in.
Please rank the countries in order of duration, having served the most time in #1. - France","Please select the country(ies) that you have served in.
Please rank the countries in order of duration, having served the most time in #1. - Gabon","Please select the country(ies) that you have served in.
Please rank the countries in order of duration, having served the most time in #1. - Gambia","Please select the country(ies) that you have served in.
Please rank the countries in order of duration, having served the most time in #1. - Georgia","Please select the country(ies) that you have served in.
Please rank the countries in order of duration, having served the most time in #1. - Germany","Please select the country(ies) that you have served in.
Please rank the countries in order of duration, having served the most time in #1. - Ghana","Please select the country(ies) that you have served in.
Please rank the countries in order of duration, having served the most time in #1. - Greece","Please select the country(ies) that you have served in.
Please rank the countries in order of duration, having served the most time in #1. - Grenada","Please select the country(ies) that you have served in.
Please rank the countries in order of duration, having served the most time in #1. - Guam","Please select the country(ies) that you have served in.
Please rank the countries in order of duration, having served the most time in #1. - Guatemala","Please select the country(ies) that you have served in.
Please rank the countries in order of duration, having served the most time in #1. - Guinea","Please select the country(ies) that you have served in.
Please rank the countries in order of duration, having served the most time in #1. - Guinea-Bissau","Please select the country(ies) that you have served in.
Please rank the countries in order of duration, having served the most time in #1. - Guyana","Please select the country(ies) that you have served in.
Please rank the countries in order of duration, having served the most time in #1. - Haiti","Please select the country(ies) that you have served in.
Please rank the countries in order of duration, having served the most time in #1. - Honduras","Please select the country(ies) that you have served in.
Please rank the countries in order of duration, having served the most time in #1. - Hong Kong","Please select the country(ies) that you have served in.
Please rank the countries in order of duration, having served the most time in #1. - Hungary","Please select the country(ies) that you have served in.
Please rank the countries in order of duration, having served the most time in #1. - Iceland","Please select the country(ies) that you have served in.
Please rank the countries in order of duration, having served the most time in #1. - India","Please select the country(ies) that you have served in.
Please rank the countries in order of duration, having served the most time in #1. - Iran","Please select the country(ies) that you have served in.
Please rank the countries in order of duration, having served the most time in #1. - Iraq","Please select the country(ies) that you have served in.
Please rank the countries in order of duration, having served the most time in #1. - Ireland","Please select the country(ies) that you have served in.
Please rank the countries in order of duration, having served the most time in #1. - Israel","Please select the country(ies) that you have served in.
Please rank the countries in order of duration, having served the most time in #1. - Italy","Please select the country(ies) that you have served in.
Please rank the countries in order of duration, having served the most time in #1. - Ivory Coast","Please select the country(ies) that you have served in.
Please rank the countries in order of duration, having served the most time in #1. - Jamaica","Please select the country(ies) that you have served in.
Please rank the countries in order of duration, having served the most time in #1. - Japan","Please select the country(ies) that you have served in.
Please rank the countries in order of duration, having served the most time in #1. - Jordan","Please select the country(ies) that you have served in.
Please rank the countries in order of duration, having served the most time in #1. - Kazakhstan","Please select the country(ies) that you have served in.
Please rank the countries in order of duration, having served the most time in #1. - Kenya","Please select the country(ies) that you have served in.
Please rank the countries in order of duration, having served the most time in #1. - Kiribati","Please select the country(ies) that you have served in.
Please rank the countries in order of duration, having served the most time in #1. - Kosovo","Please select the country(ies) that you have served in.
Please rank the countries in order of duration, having served the most time in #1. - Kuwait","Please select the country(ies) that you have served in.
Please rank the countries in order of duration, having served the most time in #1. - Kyrgyzstan","Please select the country(ies) that you have served in.
Please rank the countries in order of duration, having served the most time in #1. - Laos","Please select the country(ies) that you have served in.
Please rank the countries in order of duration, having served the most time in #1. - Latvia","Please select the country(ies) that you have served in.
Please rank the countries in order of duration, having served the most time in #1. - Lebanon","Please select the country(ies) that you have served in.
Please rank the countries in order of duration, having served the most time in #1. - Lesotho","Please select the country(ies) that you have served in.
Please rank the countries in order of duration, having served the most time in #1. - Liberia","Please select the country(ies) that you have served in.
Please rank the countries in order of duration, having served the most time in #1. - Libya","Please select the country(ies) that you have served in.
Please rank the countries in order of duration, having served the most time in #1. - Liechtenstein","Please select the country(ies) that you have served in.
Please rank the countries in order of duration, having served the most time in #1. - Lithuania","Please select the country(ies) that you have served in.
Please rank the countries in order of duration, having served the most time in #1. - Luxembourg","Please select the country(ies) that you have served in.
Please rank the countries in order of duration, having served the most time in #1. - Madagascar","Please select the country(ies) that you have served in.
Please rank the countries in order of duration, having served the most time in #1. - Malawi","Please select the country(ies) that you have served in.
Please rank the countries in order of duration, having served the most time in #1. - Malaysia","Please select the country(ies) that you have served in.
Please rank the countries in order of duration, having served the most time in #1. - Maldives","Please select the country(ies) that you have served in.
Please rank the countries in order of duration, having served the most time in #1. - Mali","Please select the country(ies) that you have served in.
Please rank the countries in order of duration, having served the most time in #1. - Malta","Please select the country(ies) that you have served in.
Please rank the countries in order of duration, having served the most time in #1. - Marshall Islands","Please select the country(ies) that you have served in.
Please rank the countries in order of duration, having served the most time in #1. - Mauritania","Please select the country(ies) that you have served in.
Please rank the countries in order of duration, having served the most time in #1. - Mauritania","Please select the country(ies) that you have served in.
Please rank the countries in order of duration, having served the most time in #1. - Mauritius","Please select the country(ies) that you have served in.
Please rank the countries in order of duration, having served the most time in #1. - Mauritius","Please select the country(ies) that you have served in.
Please rank the countries in order of duration, having served the most time in #1. - Mexico","Please select the country(ies) that you have served in.
Please rank the countries in order of duration, having served the most time in #1. - Micronesia","Please select the country(ies) that you have served in.
Please rank the countries in order of duration, having served the most time in #1. - Moldova","Please select the country(ies) that you have served in.
Please rank the countries in order of duration, having served the most time in #1. - Monaco","Please select the country(ies) that you have served in.
Please rank the countries in order of duration, having served the most time in #1. - Mongolia","Please select the country(ies) that you have served in.
Please rank the countries in order of duration, having served the most time in #1. - Montenegro","Please select the country(ies) that you have served in.
Please rank the countries in order of duration, having served the most time in #1. - Morocco","Please select the country(ies) that you have served in.
Please rank the countries in order of duration, having served the most time in #1. - Mozambique","Please select the country(ies) that you have served in.
Please rank the countries in order of duration, having served the most time in #1. - Myanmar","Please select the country(ies) that you have served in.
Please rank the countries in order of duration, having served the most time in #1. - Namibia","Please select the country(ies) that you have served in.
Please rank the countries in order of duration, having served the most time in #1. - Nauru","Please select the country(ies) that you have served in.
Please rank the countries in order of duration, having served the most time in #1. - Nepal","Please select the country(ies) that you have served in.
Please rank the countries in order of duration, having served the most time in #1. - Netherlands","Please select the country(ies) that you have served in.
Please rank the countries in order of duration, having served the most time in #1. - New Zealand","Please select the country(ies) that you have served in.
Please rank the countries in order of duration, having served the most time in #1. - Nicaragua","Please select the country(ies) that you have served in.
Please rank the countries in order of duration, having served the most time in #1. - Niger","Please select the country(ies) that you have served in.
Please rank the countries in order of duration, having served the most time in #1. - Nigeria","Please select the country(ies) that you have served in.
Please rank the countries in order of duration, having served the most time in #1. - No Name","Please select the country(ies) that you have served in.
Please rank the countries in order of duration, having served the most time in #1. - Norway","Please select the country(ies) that you have served in.
Please rank the countries in order of duration, having served the most time in #1. - Oman","Please select the country(ies) that you have served in.
Please rank the countries in order of duration, having served the most time in #1. - Pakistan","Please select the country(ies) that you have served in.
Please rank the countries in order of duration, having served the most time in #1. - Palau","Please select the country(ies) that you have served in.
Please rank the countries in order of duration, having served the most time in #1. - Palestine","Please select the country(ies) that you have served in.
Please rank the countries in order of duration, having served the most time in #1. - Panama","Please select the country(ies) that you have served in.
Please rank the countries in order of duration, having served the most time in #1. - Papua New Guniea","Please select the country(ies) that you have served in.
Please rank the countries in order of duration, having served the most time in #1. - Paraguay","Please select the country(ies) that you have served in.
Please rank the countries in order of duration, having served the most time in #1. - Peru","Please select the country(ies) that you have served in.
Please rank the countries in order of duration, having served the most time in #1. - Philippines","Please select the country(ies) that you have served in.
Please rank the countries in order of duration, having served the most time in #1. - Poland","Please select the country(ies) that you have served in.
Please rank the countries in order of duration, having served the most time in #1. - Portugal","Please select the country(ies) that you have served in.
Please rank the countries in order of duration, having served the most time in #1. - Puerto Rico","Please select the country(ies) that you have served in.
Please rank the countries in order of duration, having served the most time in #1. - Qatar","Please select the country(ies) that you have served in.
Please rank the countries in order of duration, having served the most time in #1. - Republic of Congo","Please select the country(ies) that you have served in.
Please rank the countries in order of duration, having served the most time in #1. - Republic of North Macedonia","Please select the country(ies) that you have served in.
Please rank the countries in order of duration, having served the most time in #1. - Romania","Please select the country(ies) that you have served in.
Please rank the countries in order of duration, having served the most time in #1. - Russia","Please select the country(ies) that you have served in.
Please rank the countries in order of duration, having served the most time in #1. - Rwanda","Please select the country(ies) that you have served in.
Please rank the countries in order of duration, having served the most time in #1. - Saint Kitts","Please select the country(ies) that you have served in.
Please rank the countries in order of duration, having served the most time in #1. - Saint Lucia","Please select the country(ies) that you have served in.
Please rank the countries in order of duration, having served the most time in #1. - Saint Vincent","Please select the country(ies) that you have served in.
Please rank the countries in order of duration, having served the most time in #1. - Samoa","Please select the country(ies) that you have served in.
Please rank the countries in order of duration, having served the most time in #1. - San Marino","Please select the country(ies) that you have served in.
Please rank the countries in order of duration, having served the most time in #1. - Sao Tome and Principe","Please select the country(ies) that you have served in.
Please rank the countries in order of duration, having served the most time in #1. - Saudi Arabia","Please select the country(ies) that you have served in.
Please rank the countries in order of duration, having served the most time in #1. - Senegal","Please select the country(ies) that you have served in.
Please rank the countries in order of duration, having served the most time in #1. - Serbia","Please select the country(ies) that you have served in.
Please rank the countries in order of duration, having served the most time in #1. - Seychelles","Please select the country(ies) that you have served in.
Please rank the countries in order of duration, having served the most time in #1. - Sierra Leone","Please select the country(ies) that you have served in.
Please rank the countries in order of duration, having served the most time in #1. - Singapore","Please select the country(ies) that you have served in.
Please rank the countries in order of duration, having served the most time in #1. - Slovakia","Please select the country(ies) that you have served in.
Please rank the countries in order of duration, having served the most time in #1. - Slovenia","Please select the country(ies) that you have served in.
Please rank the countries in order of duration, having served the most time in #1. - Solomon Islands","Please select the country(ies) that you have served in.
Please rank the countries in order of duration, having served the most time in #1. - Somalia","Please select the country(ies) that you have served in.
Please rank the countries in order of duration, having served the most time in #1. - South Africa","Please select the country(ies) that you have served in.
Please rank the countries in order of duration, having served the most time in #1. - South Korea","Please select the country(ies) that you have served in.
Please rank the countries in order of duration, having served the most time in #1. - Spain","Please select the country(ies) that you have served in.
Please rank the countries in order of duration, having served the most time in #1. - Sri Lanka","Please select the country(ies) that you have served in.
Please rank the countries in order of duration, having served the most time in #1. - Sudan","Please select the country(ies) that you have served in.
Please rank the countries in order of duration, having served the most time in #1. - Suriname","Please select the country(ies) that you have served in.
Please rank the countries in order of duration, having served the most time in #1. - Swaziland","Please select the country(ies) that you have served in.
Please rank the countries in order of duration, having served the most time in #1. - Sweden","Please select the country(ies) that you have served in.
Please rank the countries in order of duration, having served the most time in #1. - Switzerland","Please select the country(ies) that you have served in.
Please rank the countries in order of duration, having served the most time in #1. - Syria","Please select the country(ies) that you have served in.
Please rank the countries in order of duration, having served the most time in #1. - Tajikistan","Please select the country(ies) that you have served in.
Please rank the countries in order of duration, having served the most time in #1. - Tanzania","Please select the country(ies) that you have served in.
Please rank the countries in order of duration, having served the most time in #1. - Thailand","Please select the country(ies) that you have served in.
Please rank the countries in order of duration, having served the most time in #1. - Timor-Leste","Please select the country(ies) that you have served in.
Please rank the countries in order of duration, having served the most time in #1. - Togo","Please select the country(ies) that you have served in.
Please rank the countries in order of duration, having served the most time in #1. - Tonga","Please select the country(ies) that you have served in.
Please rank the countries in order of duration, having served the most time in #1. - Trinidad and Tobago","Please select the country(ies) that you have served in.
Please rank the countries in order of duration, having served the most time in #1. - Tunisia","Please select the country(ies) that you have served in.
Please rank the countries in order of duration, having served the most time in #1. - Turkey","Please select the country(ies) that you have served in.
Please rank the countries in order of duration, having served the most time in #1. - Turkmenistan","Please select the country(ies) that you have served in.
Please rank the countries in order of duration, having served the most time in #1. - Tuvalu","Please select the country(ies) that you have served in.
Please rank the countries in order of duration, having served the most time in #1. - Uganda","Please select the country(ies) that you have served in.
Please rank the countries in order of duration, having served the most time in #1. - Ukraine","Please select the country(ies) that you have served in.
Please rank the countries in order of duration, having served the most time in #1. - United Arab Emirates","Please select the country(ies) that you have served in.
Please rank the countries in order of duration, having served the most time in #1. - United Kingdom","Please select the country(ies) that you have served in.
Please rank the countries in order of duration, having served the most time in #1. - United States of America","Please select the country(ies) that you have served in.
Please rank the countries in order of duration, having served the most time in #1. - Uruguay","Please select the country(ies) that you have served in.
Please rank the countries in order of duration, having served the most time in #1. - US Virgin Islands","Please select the country(ies) that you have served in.
Please rank the countries in order of duration, having served the most time in #1. - Uzbekistan","Please select the country(ies) that you have served in.
Please rank the countries in order of duration, having served the most time in #1. - Vatican City","Please select the country(ies) that you have served in.
Please rank the countries in order of duration, having served the most time in #1. - Venezuela","Please select the country(ies) that you have served in.
Please rank the countries in order of duration, having served the most time in #1. - Vietnam","Please select the country(ies) that you have served in.
Please rank the countries in order of duration, having served the most time in #1. - Western Sahara","Please select the country(ies) that you have served in.
Please rank the countries in order of duration, having served the most time in #1. - Yemen","Please select the country(ies) that you have served in.
Please rank the countries in order of duration, having served the most time in #1. - Zambia","Please select the country(ies) that you have served in.
Please rank the countries in order of duration, having served the most time in #1. - Zimbabwe",Progress,Q_CHL,Recipient Email,Recipient First Name,Recipient Last Name,RecommendedLevel,Recorded Date,Response ID,Response Type,"Results from the LASER are primarily used to improve educational practices and inform policy, but may be used in peer-reviewed publications or other future research studies. 
 

Your responses are confidential and will be combined, in aggregate, with those received from other participants, and will be used only to identify broad statistical trends. 

 

None of your individual information will be shared or reported. 

 

If you do not give your consent, we will NOT use your response for future research studies; however, you are still required to complete the LASER for your class. 

 

Do you consent for your responses to be included in future studies?",SchWrkAdvNDPSp,SchWrkAdvNDPWr,SchWrkAdvNegComSp,SchWrkAdvNegComWr,SchWrkIntCrSp,SchWrkIntCrWr,SchWrkIntQASp,SchWrkIntQAWr,SchWrkNovSp,SchWrkNovWr,SchWrkSupSp,SchWrkSupWr,ScoreReport,ScoreReportPart1,SelfAssessAdvSpeak,SelfAssessAdvWrite,SelfAssessIntSpeak,SelfAssessIntWrite,SelfAssessNovSpeak,SelfAssessNovWrite,SelfAssessSpeak_Ave,SelfAssessSupSpeak,SelfAssessSupWrite,SelfAssessWrite_Ave,SelfWriting,SpeakSelfAssess,SpeakSelfAssessMajLev,SpeakStudy,SpeakStudy - Other: - Text,SpeakStudy - Other: - Text,SpeakStudy - Selected Choice,SpeakStudy - Selected Choice,SpeakStudy_NativeLanguage,Start Date,StudyAbroad,StudyAbroad_MissionLangMonths,StudyAbroadLocation,StudyAbroadQuestion,StudyAbroadTime,Superior,SupSelfAssessSpeak,SupSelfAssessWrite,SupSelfRating,SupSp1Upload - Id,SupSp1Upload - Name,SupSp1Upload - Size,SupSp1Upload - Type,SupSpR1_URL,SupWr1,SupWr1 (Chinese) - Id,SupWr1 (Chinese) - Name,SupWr1 (Chinese) - Size,SupWr1 (Chinese) - Type,SupWritR1,SupWritR1_Chi,Surname,SurveyIntro,TextType,TextType,TextType,TextType,TextType,TextType,TextType,TextType,TextType,TextType,TextType,TextType,TextType,Timing - Click Count,Timing - Click Count,Timing - Click Count,Timing - Click Count,Timing - Click Count,Timing - Click Count,Timing - Click Count,Timing - Click Count,Timing - First Click,Timing - First Click,Timing - First Click,Timing - First Click,Timing - First Click,Timing - First Click,Timing - First Click,Timing - First Click,Timing - Last Click,Timing - Last Click,Timing - Last Click,Timing - Last Click,Timing - Last Click,Timing - Last Click,Timing - Last Click,Timing - Last Click,Timing - Page Submit,Timing - Page Submit,Timing - Page Submit,Timing - Page Submit,Timing - Page Submit,Timing - Page Submit,Timing - Page Submit,Timing - Page Submit,UnadjCourseRecLabel,UnadjCourseRecScore,User Language,Username_Lang,"Were you involved in a Dual Language Immersion (DLI) Program in Elementary, middle, and/or High School? 

(Dual Language Immersion students have 50% of their Elementary instruction in [Field-LangToStudy], and the other 50% is in English. These elementary students generally go on to take two courses in Middle and or High School in the [Field-LangToStudy] language)",What's class level variable?,What's Self-Assessed Speaking?,What is your age?,"Where did you serve your mission? (If you served in more than one country, select all that apply. If your exact country is not listed, type in the country.)",willBool,WriteHandVsType,WriteHandVsType,WriteHandVsType,WriteHandVsType,WriteSelfAssess,WriteSelfAssessMajLevel,none,none,none,none,none,none,none,none
