First Name,Last Name,BYU ID
Go,Cougs,123456789
Go,Cougs,123456789
Go,Cougs,123456789
Go,Cougs,123456789
Go,Cougs,123456789
Go,Cougs,123456789
Go,Cougs,123456789
Go,Cougs,123456789
Go,Cougs,123456789
Go,Cougs,123456789
Go,Cougs,123456789
Go,Cougs,123456789
Go,Cougs,123456789
Go,Cougs,123456789
Go,Cougs,123456789
Go,Cougs,123456789
Go,Cougs,123456789
Go,Cougs,123456789
Go,Cougs,123456789
Go,Cougs,123456789
Go,Cougs,123456789
Go,Cougs,123456789
Go,Cougs,123456789
Go,Cougs,123456789
Go,Cougs,123456789
Go,Cougs,123456789
Go,Cougs,123456789
Go,Cougs,123456789
Go,Cougs,123456789
Go,Cougs,123456789
Go,Cougs,123456789
Go,Cougs,123456789
Go,Cougs,123456789
Go,Cougs,123456789
Go,Cougs,123456789