DB Column Name,Qualtrics Column Name (Long Form),Qualtrics Unique ID
StartDate,Start Date,"{""ImportId"":""startDate"",""timeZone"":""America/Denver""}"
EndDate,End Date,"{""ImportId"":""endDate"",""timeZone"":""America/Denver""}"
Status,Response Type,"{""ImportId"":""status""}"
IPAddress,IP Address,"{""ImportId"":""ipAddress""}"
Progress,Progress,"{""ImportId"":""progress""}"
Duration (in seconds),Duration (in seconds),"{""ImportId"":""duration""}"
Finished,Finished,"{""ImportId"":""finished""}"
RecordedDate,Recorded Date,"{""ImportId"":""recordedDate"",""timeZone"":""America/Denver""}"
ResponseId,Response ID,"{""ImportId"":""_recordId""}"
RecipientLastName,Recipient Last Name,"{""ImportId"":""recipientLastName""}"
RecipientFirstName,Recipient First Name,"{""ImportId"":""recipientFirstName""}"
RecipientEmail,Recipient Email,"{""ImportId"":""recipientEmail""}"
ExternalReference,External Data Reference,"{""ImportId"":""externalDataReference""}"
LocationLatitude,Location Latitude,"{""ImportId"":""locationLatitude""}"
LocationLongitude,Location Longitude,"{""ImportId"":""locationLongitude""}"
DistributionChannel,Distribution Channel,"{""ImportId"":""distributionChannel""}"
UserLanguage,User Language,"{""ImportId"":""userLanguage""}"
Q1,SurveyIntro,"{""ImportId"":""QID1216588815""}"
Q2,"Results from the LASER are primarily used to improve educational practices and inform policy, but may be used in peer-reviewed publications or other future research studies. 
 

Your responses are confidential and will be combined, in aggregate, with those received from other participants, and will be used only to identify broad statistical trends. 

 

None of your individual information will be shared or reported. 

 

If you do not give your consent, we will NOT use your response for future research studies; however, you are still required to complete the LASER for your class. 

 

Do you consent for your responses to be included in future studies?","{""ImportId"":""QID1216588816""}"
QID314,MicrophoneCompatabilityCheck,"{""ImportId"":""QID314""}"
Q3,ClassRegistration,"{""ImportId"":""QID1216588817""}"
Q4_1,LangCourseInfo - Language,"{""ImportId"":""QID1216588818_4""}"
Q4_2,LangCourseInfo - Course,"{""ImportId"":""QID1216588818_5""}"
Q4_3,LangCourseInfo - Section,"{""ImportId"":""QID1216588818_6""}"
Q1,For what class have you signed up for?,"{""ImportId"":""QID1216589078_TEXT""}"
Q2,For which semester are you taking this test?,"{""ImportId"":""QID1216589079""}"
Q3,InstructorLastName,"{""ImportId"":""QID1216589080_TEXT""}"
Q4,InstructorEmail,"{""ImportId"":""QID1216589081_TEXT""}"
Q1,GivenName,"{""ImportId"":""QID1216589091_TEXT""}"
Q2,Surname,"{""ImportId"":""QID1216589092_TEXT""}"
Q3,Gender,"{""ImportId"":""QID1216589093""}"
Q4,What is your age?,"{""ImportId"":""QID1216589094_TEXT""}"
Q5,BYUID,"{""ImportId"":""QID1216589095_TEXT""}"
Q6,NetID,"{""ImportId"":""QID1216589096_TEXT""}"
Q7,Email,"{""ImportId"":""QID1216589097_TEXT""}"
Q8,Phone,"{""ImportId"":""QID1216589098_TEXT""}"
Q9,Please contact me with opportunities to be involved in other language learning programs or research,"{""ImportId"":""QID1216589099""}"
Q10,LanguageToSurvey,"{""ImportId"":""QID1216589100""}"
Q2,SpeakStudy - Selected Choice,"{""ImportId"":""QID1216589154""}"
Q2_61_TEXT,SpeakStudy - Other: - Text,"{""ImportId"":""QID1216589154_15_TEXT""}"
Q3_0_GROUP,LangDomOrder - Groups - Dominance,"{""ImportId"":""QID1216589155_0_GROUP""}"
Q3_0_30_RANK,LangDomOrder - Ranks - Dominance - Albanian - Rank,"{""ImportId"":""QID1216589155_G0_x30_RANK""}"
Q3_0_87_RANK,LangDomOrder - Ranks - Dominance - Arabic - Rank,"{""ImportId"":""QID1216589155_G0_x87_RANK""}"
Q3_0_31_RANK,LangDomOrder - Ranks - Dominance - ASL - Rank,"{""ImportId"":""QID1216589155_G0_x31_RANK""}"
Q3_0_32_RANK,LangDomOrder - Ranks - Dominance - Armenian - Rank,"{""ImportId"":""QID1216589155_G0_x32_RANK""}"
Q3_0_33_RANK,LangDomOrder - Ranks - Dominance - Bulgarian - Rank,"{""ImportId"":""QID1216589155_G0_x33_RANK""}"
Q3_0_34_RANK,LangDomOrder - Ranks - Dominance - Burmese - Rank,"{""ImportId"":""QID1216589155_G0_x34_RANK""}"
Q3_0_35_RANK,LangDomOrder - Ranks - Dominance - Cambodian (Khmer) - Rank,"{""ImportId"":""QID1216589155_G0_x35_RANK""}"
Q3_0_36_RANK,LangDomOrder - Ranks - Dominance - Chinese (Cantonese) - Rank,"{""ImportId"":""QID1216589155_G0_x36_RANK""}"
Q3_0_37_RANK,LangDomOrder - Ranks - Dominance - Chinese (Mandarin) - Rank,"{""ImportId"":""QID1216589155_G0_x37_RANK""}"
Q3_0_38_RANK,LangDomOrder - Ranks - Dominance - Cebuano - Rank,"{""ImportId"":""QID1216589155_G0_x38_RANK""}"
Q3_0_39_RANK,LangDomOrder - Ranks - Dominance - Croatian - Rank,"{""ImportId"":""QID1216589155_G0_x39_RANK""}"
Q3_0_40_RANK,LangDomOrder - Ranks - Dominance - Czech - Rank,"{""ImportId"":""QID1216589155_G0_x40_RANK""}"
Q3_0_41_RANK,LangDomOrder - Ranks - Dominance - Danish - Rank,"{""ImportId"":""QID1216589155_G0_x41_RANK""}"
Q3_0_42_RANK,LangDomOrder - Ranks - Dominance - Dutch - Rank,"{""ImportId"":""QID1216589155_G0_x42_RANK""}"
Q3_0_4_RANK,LangDomOrder - Ranks - Dominance - English - Rank,"{""ImportId"":""QID1216589155_G0_x4_RANK""}"
Q3_0_43_RANK,LangDomOrder - Ranks - Dominance - Estonian - Rank,"{""ImportId"":""QID1216589155_G0_x43_RANK""}"
Q3_0_44_RANK,LangDomOrder - Ranks - Dominance - Fijian - Rank,"{""ImportId"":""QID1216589155_G0_x44_RANK""}"
Q3_0_45_RANK,LangDomOrder - Ranks - Dominance - Finnish - Rank,"{""ImportId"":""QID1216589155_G0_x45_RANK""}"
Q3_0_29_RANK,LangDomOrder - Ranks - Dominance - French - Rank,"{""ImportId"":""QID1216589155_G0_x29_RANK""}"
Q3_0_46_RANK,LangDomOrder - Ranks - Dominance - Georgian - Rank,"{""ImportId"":""QID1216589155_G0_x46_RANK""}"
Q3_0_47_RANK,LangDomOrder - Ranks - Dominance - German - Rank,"{""ImportId"":""QID1216589155_G0_x47_RANK""}"
Q3_0_48_RANK,LangDomOrder - Ranks - Dominance - Greek - Rank,"{""ImportId"":""QID1216589155_G0_x48_RANK""}"
Q3_0_49_RANK,LangDomOrder - Ranks - Dominance - Guarani - Rank,"{""ImportId"":""QID1216589155_G0_x49_RANK""}"
Q3_0_50_RANK,LangDomOrder - Ranks - Dominance - Haitian - Rank,"{""ImportId"":""QID1216589155_G0_x50_RANK""}"
Q3_0_88_RANK,LangDomOrder - Ranks - Dominance - Hebrew - Rank,"{""ImportId"":""QID1216589155_G0_x88_RANK""}"
Q3_0_51_RANK,LangDomOrder - Ranks - Dominance - Hiligaynon - Rank,"{""ImportId"":""QID1216589155_G0_x51_RANK""}"
Q3_0_52_RANK,LangDomOrder - Ranks - Dominance - Hindi - Rank,"{""ImportId"":""QID1216589155_G0_x52_RANK""}"
Q3_0_53_RANK,LangDomOrder - Ranks - Dominance - Hmong - Rank,"{""ImportId"":""QID1216589155_G0_x53_RANK""}"
Q3_0_54_RANK,LangDomOrder - Ranks - Dominance - Hungarian - Rank,"{""ImportId"":""QID1216589155_G0_x54_RANK""}"
Q3_0_55_RANK,LangDomOrder - Ranks - Dominance - Icelandic - Rank,"{""ImportId"":""QID1216589155_G0_x55_RANK""}"
Q3_0_56_RANK,LangDomOrder - Ranks - Dominance - Indonesian - Rank,"{""ImportId"":""QID1216589155_G0_x56_RANK""}"
Q3_0_57_RANK,LangDomOrder - Ranks - Dominance - Italian - Rank,"{""ImportId"":""QID1216589155_G0_x57_RANK""}"
Q3_0_58_RANK,LangDomOrder - Ranks - Dominance - Japanese - Rank,"{""ImportId"":""QID1216589155_G0_x58_RANK""}"
Q3_0_59_RANK,LangDomOrder - Ranks - Dominance - Kekchi - Rank,"{""ImportId"":""QID1216589155_G0_x59_RANK""}"
Q3_0_60_RANK,LangDomOrder - Ranks - Dominance - Kiribati - Rank,"{""ImportId"":""QID1216589155_G0_x60_RANK""}"
Q3_0_61_RANK,LangDomOrder - Ranks - Dominance - Korean - Rank,"{""ImportId"":""QID1216589155_G0_x61_RANK""}"
Q3_0_62_RANK,LangDomOrder - Ranks - Dominance - Lao - Rank,"{""ImportId"":""QID1216589155_G0_x62_RANK""}"
Q3_0_89_RANK,LangDomOrder - Ranks - Dominance - Latin - Rank,"{""ImportId"":""QID1216589155_G0_x89_RANK""}"
Q3_0_63_RANK,LangDomOrder - Ranks - Dominance - Latvian - Rank,"{""ImportId"":""QID1216589155_G0_x63_RANK""}"
Q3_0_64_RANK,LangDomOrder - Ranks - Dominance - Lithuanian - Rank,"{""ImportId"":""QID1216589155_G0_x64_RANK""}"
Q3_0_65_RANK,LangDomOrder - Ranks - Dominance - Malagasy - Rank,"{""ImportId"":""QID1216589155_G0_x65_RANK""}"
Q3_0_66_RANK,LangDomOrder - Ranks - Dominance - Malay - Rank,"{""ImportId"":""QID1216589155_G0_x66_RANK""}"
Q3_0_67_RANK,LangDomOrder - Ranks - Dominance - Marshallese - Rank,"{""ImportId"":""QID1216589155_G0_x67_RANK""}"
Q3_0_68_RANK,LangDomOrder - Ranks - Dominance - Mongolian - Rank,"{""ImportId"":""QID1216589155_G0_x68_RANK""}"
Q3_0_69_RANK,LangDomOrder - Ranks - Dominance - Norwegian - Rank,"{""ImportId"":""QID1216589155_G0_x69_RANK""}"
Q3_0_70_RANK,LangDomOrder - Ranks - Dominance - Persian - Rank,"{""ImportId"":""QID1216589155_G0_x70_RANK""}"
Q3_0_71_RANK,LangDomOrder - Ranks - Dominance - Polish - Rank,"{""ImportId"":""QID1216589155_G0_x71_RANK""}"
Q3_0_27_RANK,LangDomOrder - Ranks - Dominance - Portuguese - Rank,"{""ImportId"":""QID1216589155_G0_x27_RANK""}"
Q3_0_72_RANK,LangDomOrder - Ranks - Dominance - Romanian - Rank,"{""ImportId"":""QID1216589155_G0_x72_RANK""}"
Q3_0_73_RANK,LangDomOrder - Ranks - Dominance - Russian - Rank,"{""ImportId"":""QID1216589155_G0_x73_RANK""}"
Q3_0_74_RANK,LangDomOrder - Ranks - Dominance - Samoan - Rank,"{""ImportId"":""QID1216589155_G0_x74_RANK""}"
Q3_0_75_RANK,LangDomOrder - Ranks - Dominance - Serbian - Rank,"{""ImportId"":""QID1216589155_G0_x75_RANK""}"
Q3_0_76_RANK,LangDomOrder - Ranks - Dominance - Slovak - Rank,"{""ImportId"":""QID1216589155_G0_x76_RANK""}"
Q3_0_77_RANK,LangDomOrder - Ranks - Dominance - Slovenian - Rank,"{""ImportId"":""QID1216589155_G0_x77_RANK""}"
Q3_0_16_RANK,LangDomOrder - Ranks - Dominance - Spanish - Rank,"{""ImportId"":""QID1216589155_G0_x16_RANK""}"
Q3_0_78_RANK,LangDomOrder - Ranks - Dominance - Swedish - Rank,"{""ImportId"":""QID1216589155_G0_x78_RANK""}"
Q3_0_85_RANK,LangDomOrder - Ranks - Dominance - Tagalog - Rank,"{""ImportId"":""QID1216589155_G0_x85_RANK""}"
Q3_0_79_RANK,LangDomOrder - Ranks - Dominance - Thai - Rank,"{""ImportId"":""QID1216589155_G0_x79_RANK""}"
Q3_0_80_RANK,LangDomOrder - Ranks - Dominance - Tongan - Rank,"{""ImportId"":""QID1216589155_G0_x80_RANK""}"
Q3_0_81_RANK,LangDomOrder - Ranks - Dominance - Turkish - Rank,"{""ImportId"":""QID1216589155_G0_x81_RANK""}"
Q3_0_82_RANK,LangDomOrder - Ranks - Dominance - Ukrainian - Rank,"{""ImportId"":""QID1216589155_G0_x82_RANK""}"
Q3_0_83_RANK,LangDomOrder - Ranks - Dominance - Vietnamese - Rank,"{""ImportId"":""QID1216589155_G0_x83_RANK""}"
Q3_0_15_RANK,LangDomOrder - Ranks - Dominance - Other: - Rank,"{""ImportId"":""QID1216589155_G0_x15_RANK""}"
Q3_15_TEXT,LangDomOrder - Other: - Text,"{""ImportId"":""QID1216589155_x15_TEXT""}"
Q4,NativeLanguage - Selected Choice,"{""ImportId"":""QID1216589156""}"
Q4_15_TEXT,NativeLanguage - Other: - Text,"{""ImportId"":""QID1216589156_x15_TEXT""}"
Q5,LanguageAcqAge,"{""ImportId"":""QID1216589157""}"
Q6,LanguageLearningEnvironment - Selected Choice,"{""ImportId"":""QID1216589158""}"
Q6_4_TEXT,LanguageLearningEnvironment - Other (please specify how and for how long): - Text,"{""ImportId"":""QID1216589158_8_TEXT""}"
Q7,"Where did you serve your mission? (If you served in more than one country, select all that apply. If your exact country is not listed, type in the country.)","{""ImportId"":""QID1216589159""}"
Q8_1,"Please select the country(ies) that you have served in.
Please rank the countries in order of duration, having served the most time in #1. - United States of America","{""ImportId"":""QID1216589160_1""}"
Q8_172,"Please select the country(ies) that you have served in.
Please rank the countries in order of duration, having served the most time in #1. - Canada","{""ImportId"":""QID1216589160_2""}"
Q8_173,"Please select the country(ies) that you have served in.
Please rank the countries in order of duration, having served the most time in #1. - Barbados","{""ImportId"":""QID1216589160_3""}"
Q8_174,"Please select the country(ies) that you have served in.
Please rank the countries in order of duration, having served the most time in #1. - Costa Rica","{""ImportId"":""QID1216589160_4""}"
Q8_257,"Please select the country(ies) that you have served in.
Please rank the countries in order of duration, having served the most time in #1. - Dominica","{""ImportId"":""QID1216589160_5""}"
Q8_308,"Please select the country(ies) that you have served in.
Please rank the countries in order of duration, having served the most time in #1. - El Salvador","{""ImportId"":""QID1216589160_6""}"
Q8_309,"Please select the country(ies) that you have served in.
Please rank the countries in order of duration, having served the most time in #1. - Grenada","{""ImportId"":""QID1216589160_7""}"
Q8_310,"Please select the country(ies) that you have served in.
Please rank the countries in order of duration, having served the most time in #1. - Guatemala","{""ImportId"":""QID1216589160_8""}"
Q8_311,"Please select the country(ies) that you have served in.
Please rank the countries in order of duration, having served the most time in #1. - Honduras","{""ImportId"":""QID1216589160_9""}"
Q8_312,"Please select the country(ies) that you have served in.
Please rank the countries in order of duration, having served the most time in #1. - Panama","{""ImportId"":""QID1216589160_10""}"
Q8_313,"Please select the country(ies) that you have served in.
Please rank the countries in order of duration, having served the most time in #1. - Saint Lucia","{""ImportId"":""QID1216589160_11""}"
Q8_314,"Please select the country(ies) that you have served in.
Please rank the countries in order of duration, having served the most time in #1. - Trinidad and Tobago","{""ImportId"":""QID1216589160_12""}"
Q8_315,"Please select the country(ies) that you have served in.
Please rank the countries in order of duration, having served the most time in #1. - Antigua and Barbuda","{""ImportId"":""QID1216589160_13""}"
Q8_316,"Please select the country(ies) that you have served in.
Please rank the countries in order of duration, having served the most time in #1. - Bahamas","{""ImportId"":""QID1216589160_14""}"
Q8_317,"Please select the country(ies) that you have served in.
Please rank the countries in order of duration, having served the most time in #1. - Belize","{""ImportId"":""QID1216589160_15""}"
Q8_318,"Please select the country(ies) that you have served in.
Please rank the countries in order of duration, having served the most time in #1. - Cuba","{""ImportId"":""QID1216589160_16""}"
Q8_319,"Please select the country(ies) that you have served in.
Please rank the countries in order of duration, having served the most time in #1. - Domincan Republic","{""ImportId"":""QID1216589160_17""}"
Q8_320,"Please select the country(ies) that you have served in.
Please rank the countries in order of duration, having served the most time in #1. - Haiti","{""ImportId"":""QID1216589160_18""}"
Q8_321,"Please select the country(ies) that you have served in.
Please rank the countries in order of duration, having served the most time in #1. - Jamaica","{""ImportId"":""QID1216589160_19""}"
Q8_322,"Please select the country(ies) that you have served in.
Please rank the countries in order of duration, having served the most time in #1. - Mexico","{""ImportId"":""QID1216589160_20""}"
Q8_323,"Please select the country(ies) that you have served in.
Please rank the countries in order of duration, having served the most time in #1. - Nicaragua","{""ImportId"":""QID1216589160_21""}"
Q8_324,"Please select the country(ies) that you have served in.
Please rank the countries in order of duration, having served the most time in #1. - Puerto Rico","{""ImportId"":""QID1216589160_22""}"
Q8_325,"Please select the country(ies) that you have served in.
Please rank the countries in order of duration, having served the most time in #1. - Saint Kitts","{""ImportId"":""QID1216589160_23""}"
Q8_326,"Please select the country(ies) that you have served in.
Please rank the countries in order of duration, having served the most time in #1. - Saint Vincent","{""ImportId"":""QID1216589160_24""}"
Q8_327,"Please select the country(ies) that you have served in.
Please rank the countries in order of duration, having served the most time in #1. - US Virgin Islands","{""ImportId"":""QID1216589160_25""}"
Q8_353,"Please select the country(ies) that you have served in.
Please rank the countries in order of duration, having served the most time in #1. - No Name","{""ImportId"":""QID1216589160_26""}"
Q8_355,"Please select the country(ies) that you have served in.
Please rank the countries in order of duration, having served the most time in #1. - Argentina","{""ImportId"":""QID1216589160_27""}"
Q8_356,"Please select the country(ies) that you have served in.
Please rank the countries in order of duration, having served the most time in #1. - Bolivia","{""ImportId"":""QID1216589160_28""}"
Q8_357,"Please select the country(ies) that you have served in.
Please rank the countries in order of duration, having served the most time in #1. - Brazil","{""ImportId"":""QID1216589160_29""}"
Q8_358,"Please select the country(ies) that you have served in.
Please rank the countries in order of duration, having served the most time in #1. - Chile","{""ImportId"":""QID1216589160_30""}"
Q8_359,"Please select the country(ies) that you have served in.
Please rank the countries in order of duration, having served the most time in #1. - Colombia","{""ImportId"":""QID1216589160_31""}"
Q8_360,"Please select the country(ies) that you have served in.
Please rank the countries in order of duration, having served the most time in #1. - Ecuador","{""ImportId"":""QID1216589160_32""}"
Q8_361,"Please select the country(ies) that you have served in.
Please rank the countries in order of duration, having served the most time in #1. - Guyana","{""ImportId"":""QID1216589160_33""}"
Q8_362,"Please select the country(ies) that you have served in.
Please rank the countries in order of duration, having served the most time in #1. - Paraguay","{""ImportId"":""QID1216589160_34""}"
Q8_363,"Please select the country(ies) that you have served in.
Please rank the countries in order of duration, having served the most time in #1. - Peru","{""ImportId"":""QID1216589160_35""}"
Q8_364,"Please select the country(ies) that you have served in.
Please rank the countries in order of duration, having served the most time in #1. - Suriname","{""ImportId"":""QID1216589160_36""}"
Q8_365,"Please select the country(ies) that you have served in.
Please rank the countries in order of duration, having served the most time in #1. - Uruguay","{""ImportId"":""QID1216589160_37""}"
Q8_395,"Please select the country(ies) that you have served in.
Please rank the countries in order of duration, having served the most time in #1. - Venezuela","{""ImportId"":""QID1216589160_38""}"
Q8_396,"Please select the country(ies) that you have served in.
Please rank the countries in order of duration, having served the most time in #1. - Albania","{""ImportId"":""QID1216589160_39""}"
Q8_397,"Please select the country(ies) that you have served in.
Please rank the countries in order of duration, having served the most time in #1. - Andorra","{""ImportId"":""QID1216589160_40""}"
Q8_398,"Please select the country(ies) that you have served in.
Please rank the countries in order of duration, having served the most time in #1. - Austria","{""ImportId"":""QID1216589160_41""}"
Q8_399,"Please select the country(ies) that you have served in.
Please rank the countries in order of duration, having served the most time in #1. - Belarus","{""ImportId"":""QID1216589160_42""}"
Q8_400,"Please select the country(ies) that you have served in.
Please rank the countries in order of duration, having served the most time in #1. - Belgium","{""ImportId"":""QID1216589160_43""}"
Q8_401,"Please select the country(ies) that you have served in.
Please rank the countries in order of duration, having served the most time in #1. - Bosnia and Herzegovina","{""ImportId"":""QID1216589160_44""}"
Q8_402,"Please select the country(ies) that you have served in.
Please rank the countries in order of duration, having served the most time in #1. - Bulgaria","{""ImportId"":""QID1216589160_45""}"
Q8_403,"Please select the country(ies) that you have served in.
Please rank the countries in order of duration, having served the most time in #1. - Croatia","{""ImportId"":""QID1216589160_46""}"
Q8_404,"Please select the country(ies) that you have served in.
Please rank the countries in order of duration, having served the most time in #1. - Czech Republic","{""ImportId"":""QID1216589160_47""}"
Q8_405,"Please select the country(ies) that you have served in.
Please rank the countries in order of duration, having served the most time in #1. - Denmark","{""ImportId"":""QID1216589160_48""}"
Q8_406,"Please select the country(ies) that you have served in.
Please rank the countries in order of duration, having served the most time in #1. - Estonia","{""ImportId"":""QID1216589160_49""}"
Q8_407,"Please select the country(ies) that you have served in.
Please rank the countries in order of duration, having served the most time in #1. - Finland","{""ImportId"":""QID1216589160_50""}"
Q8_408,"Please select the country(ies) that you have served in.
Please rank the countries in order of duration, having served the most time in #1. - France","{""ImportId"":""QID1216589160_51""}"
Q8_409,"Please select the country(ies) that you have served in.
Please rank the countries in order of duration, having served the most time in #1. - Germany","{""ImportId"":""QID1216589160_52""}"
Q8_410,"Please select the country(ies) that you have served in.
Please rank the countries in order of duration, having served the most time in #1. - Greece","{""ImportId"":""QID1216589160_53""}"
Q8_411,"Please select the country(ies) that you have served in.
Please rank the countries in order of duration, having served the most time in #1. - Hungary","{""ImportId"":""QID1216589160_54""}"
Q8_412,"Please select the country(ies) that you have served in.
Please rank the countries in order of duration, having served the most time in #1. - Iceland","{""ImportId"":""QID1216589160_55""}"
Q8_413,"Please select the country(ies) that you have served in.
Please rank the countries in order of duration, having served the most time in #1. - Ireland","{""ImportId"":""QID1216589160_56""}"
Q8_414,"Please select the country(ies) that you have served in.
Please rank the countries in order of duration, having served the most time in #1. - Italy","{""ImportId"":""QID1216589160_57""}"
Q8_415,"Please select the country(ies) that you have served in.
Please rank the countries in order of duration, having served the most time in #1. - Kosovo","{""ImportId"":""QID1216589160_58""}"
Q8_416,"Please select the country(ies) that you have served in.
Please rank the countries in order of duration, having served the most time in #1. - Latvia","{""ImportId"":""QID1216589160_59""}"
Q8_417,"Please select the country(ies) that you have served in.
Please rank the countries in order of duration, having served the most time in #1. - Liechtenstein","{""ImportId"":""QID1216589160_60""}"
Q8_418,"Please select the country(ies) that you have served in.
Please rank the countries in order of duration, having served the most time in #1. - Lithuania","{""ImportId"":""QID1216589160_61""}"
Q8_419,"Please select the country(ies) that you have served in.
Please rank the countries in order of duration, having served the most time in #1. - Luxembourg","{""ImportId"":""QID1216589160_62""}"
Q8_420,"Please select the country(ies) that you have served in.
Please rank the countries in order of duration, having served the most time in #1. - Republic of North Macedonia","{""ImportId"":""QID1216589160_63""}"
Q8_421,"Please select the country(ies) that you have served in.
Please rank the countries in order of duration, having served the most time in #1. - Malta","{""ImportId"":""QID1216589160_64""}"
Q8_422,"Please select the country(ies) that you have served in.
Please rank the countries in order of duration, having served the most time in #1. - Moldova","{""ImportId"":""QID1216589160_65""}"
Q8_423,"Please select the country(ies) that you have served in.
Please rank the countries in order of duration, having served the most time in #1. - Monaco","{""ImportId"":""QID1216589160_66""}"
Q8_424,"Please select the country(ies) that you have served in.
Please rank the countries in order of duration, having served the most time in #1. - Montenegro","{""ImportId"":""QID1216589160_67""}"
Q8_425,"Please select the country(ies) that you have served in.
Please rank the countries in order of duration, having served the most time in #1. - Netherlands","{""ImportId"":""QID1216589160_68""}"
Q8_426,"Please select the country(ies) that you have served in.
Please rank the countries in order of duration, having served the most time in #1. - Norway","{""ImportId"":""QID1216589160_69""}"
Q8_427,"Please select the country(ies) that you have served in.
Please rank the countries in order of duration, having served the most time in #1. - Poland","{""ImportId"":""QID1216589160_70""}"
Q8_428,"Please select the country(ies) that you have served in.
Please rank the countries in order of duration, having served the most time in #1. - Portugal","{""ImportId"":""QID1216589160_71""}"
Q8_429,"Please select the country(ies) that you have served in.
Please rank the countries in order of duration, having served the most time in #1. - Romania","{""ImportId"":""QID1216589160_72""}"
Q8_430,"Please select the country(ies) that you have served in.
Please rank the countries in order of duration, having served the most time in #1. - Russia","{""ImportId"":""QID1216589160_73""}"
Q8_431,"Please select the country(ies) that you have served in.
Please rank the countries in order of duration, having served the most time in #1. - San Marino","{""ImportId"":""QID1216589160_74""}"
Q8_432,"Please select the country(ies) that you have served in.
Please rank the countries in order of duration, having served the most time in #1. - Serbia","{""ImportId"":""QID1216589160_75""}"
Q8_433,"Please select the country(ies) that you have served in.
Please rank the countries in order of duration, having served the most time in #1. - Slovakia","{""ImportId"":""QID1216589160_76""}"
Q8_434,"Please select the country(ies) that you have served in.
Please rank the countries in order of duration, having served the most time in #1. - Slovenia","{""ImportId"":""QID1216589160_77""}"
Q8_435,"Please select the country(ies) that you have served in.
Please rank the countries in order of duration, having served the most time in #1. - Spain","{""ImportId"":""QID1216589160_78""}"
Q8_436,"Please select the country(ies) that you have served in.
Please rank the countries in order of duration, having served the most time in #1. - Sweden","{""ImportId"":""QID1216589160_79""}"
Q8_437,"Please select the country(ies) that you have served in.
Please rank the countries in order of duration, having served the most time in #1. - Switzerland","{""ImportId"":""QID1216589160_80""}"
Q8_438,"Please select the country(ies) that you have served in.
Please rank the countries in order of duration, having served the most time in #1. - Ukraine","{""ImportId"":""QID1216589160_81""}"
Q8_439,"Please select the country(ies) that you have served in.
Please rank the countries in order of duration, having served the most time in #1. - United Kingdom","{""ImportId"":""QID1216589160_82""}"
Q8_440,"Please select the country(ies) that you have served in.
Please rank the countries in order of duration, having served the most time in #1. - Vatican City","{""ImportId"":""QID1216589160_83""}"
Q8_448,"Please select the country(ies) that you have served in.
Please rank the countries in order of duration, having served the most time in #1. - Afghanistan","{""ImportId"":""QID1216589160_84""}"
Q8_449,"Please select the country(ies) that you have served in.
Please rank the countries in order of duration, having served the most time in #1. - Armenia","{""ImportId"":""QID1216589160_85""}"
Q8_450,"Please select the country(ies) that you have served in.
Please rank the countries in order of duration, having served the most time in #1. - Azerbaijan","{""ImportId"":""QID1216589160_86""}"
Q8_451,"Please select the country(ies) that you have served in.
Please rank the countries in order of duration, having served the most time in #1. - Bahrain","{""ImportId"":""QID1216589160_87""}"
Q8_452,"Please select the country(ies) that you have served in.
Please rank the countries in order of duration, having served the most time in #1. - Bangladesh","{""ImportId"":""QID1216589160_88""}"
Q8_453,"Please select the country(ies) that you have served in.
Please rank the countries in order of duration, having served the most time in #1. - Bhutan","{""ImportId"":""QID1216589160_89""}"
Q8_454,"Please select the country(ies) that you have served in.
Please rank the countries in order of duration, having served the most time in #1. - Brunei","{""ImportId"":""QID1216589160_90""}"
Q8_455,"Please select the country(ies) that you have served in.
Please rank the countries in order of duration, having served the most time in #1. - Cambodia","{""ImportId"":""QID1216589160_91""}"
Q8_456,"Please select the country(ies) that you have served in.
Please rank the countries in order of duration, having served the most time in #1. - China","{""ImportId"":""QID1216589160_92""}"
Q8_457,"Please select the country(ies) that you have served in.
Please rank the countries in order of duration, having served the most time in #1. - Cyprus","{""ImportId"":""QID1216589160_93""}"
Q8_458,"Please select the country(ies) that you have served in.
Please rank the countries in order of duration, having served the most time in #1. - Georgia","{""ImportId"":""QID1216589160_94""}"
Q8_459,"Please select the country(ies) that you have served in.
Please rank the countries in order of duration, having served the most time in #1. - Hong Kong","{""ImportId"":""QID1216589160_95""}"
Q8_460,"Please select the country(ies) that you have served in.
Please rank the countries in order of duration, having served the most time in #1. - India","{""ImportId"":""QID1216589160_96""}"
Q8_461,"Please select the country(ies) that you have served in.
Please rank the countries in order of duration, having served the most time in #1. - Iran","{""ImportId"":""QID1216589160_97""}"
Q8_462,"Please select the country(ies) that you have served in.
Please rank the countries in order of duration, having served the most time in #1. - Iraq","{""ImportId"":""QID1216589160_98""}"
Q8_463,"Please select the country(ies) that you have served in.
Please rank the countries in order of duration, having served the most time in #1. - Israel","{""ImportId"":""QID1216589160_99""}"
Q8_464,"Please select the country(ies) that you have served in.
Please rank the countries in order of duration, having served the most time in #1. - Japan","{""ImportId"":""QID1216589160_100""}"
Q8_465,"Please select the country(ies) that you have served in.
Please rank the countries in order of duration, having served the most time in #1. - Jordan","{""ImportId"":""QID1216589160_101""}"
Q8_466,"Please select the country(ies) that you have served in.
Please rank the countries in order of duration, having served the most time in #1. - Kazakhstan","{""ImportId"":""QID1216589160_102""}"
Q8_467,"Please select the country(ies) that you have served in.
Please rank the countries in order of duration, having served the most time in #1. - South Korea","{""ImportId"":""QID1216589160_103""}"
Q8_468,"Please select the country(ies) that you have served in.
Please rank the countries in order of duration, having served the most time in #1. - Kuwait","{""ImportId"":""QID1216589160_104""}"
Q8_469,"Please select the country(ies) that you have served in.
Please rank the countries in order of duration, having served the most time in #1. - Kyrgyzstan","{""ImportId"":""QID1216589160_105""}"
Q8_470,"Please select the country(ies) that you have served in.
Please rank the countries in order of duration, having served the most time in #1. - Laos","{""ImportId"":""QID1216589160_106""}"
Q8_471,"Please select the country(ies) that you have served in.
Please rank the countries in order of duration, having served the most time in #1. - Lebanon","{""ImportId"":""QID1216589160_107""}"
Q8_472,"Please select the country(ies) that you have served in.
Please rank the countries in order of duration, having served the most time in #1. - Malaysia","{""ImportId"":""QID1216589160_108""}"
Q8_473,"Please select the country(ies) that you have served in.
Please rank the countries in order of duration, having served the most time in #1. - Maldives","{""ImportId"":""QID1216589160_109""}"
Q8_474,"Please select the country(ies) that you have served in.
Please rank the countries in order of duration, having served the most time in #1. - Mongolia","{""ImportId"":""QID1216589160_110""}"
Q8_475,"Please select the country(ies) that you have served in.
Please rank the countries in order of duration, having served the most time in #1. - Myanmar","{""ImportId"":""QID1216589160_111""}"
Q8_476,"Please select the country(ies) that you have served in.
Please rank the countries in order of duration, having served the most time in #1. - Nepal","{""ImportId"":""QID1216589160_112""}"
Q8_477,"Please select the country(ies) that you have served in.
Please rank the countries in order of duration, having served the most time in #1. - Oman","{""ImportId"":""QID1216589160_113""}"
Q8_478,"Please select the country(ies) that you have served in.
Please rank the countries in order of duration, having served the most time in #1. - Pakistan","{""ImportId"":""QID1216589160_114""}"
Q8_479,"Please select the country(ies) that you have served in.
Please rank the countries in order of duration, having served the most time in #1. - Palestine","{""ImportId"":""QID1216589160_115""}"
Q8_480,"Please select the country(ies) that you have served in.
Please rank the countries in order of duration, having served the most time in #1. - Philippines","{""ImportId"":""QID1216589160_116""}"
Q8_481,"Please select the country(ies) that you have served in.
Please rank the countries in order of duration, having served the most time in #1. - Qatar","{""ImportId"":""QID1216589160_117""}"
Q8_482,"Please select the country(ies) that you have served in.
Please rank the countries in order of duration, having served the most time in #1. - Saudi Arabia","{""ImportId"":""QID1216589160_118""}"
Q8_483,"Please select the country(ies) that you have served in.
Please rank the countries in order of duration, having served the most time in #1. - Singapore","{""ImportId"":""QID1216589160_119""}"
Q8_484,"Please select the country(ies) that you have served in.
Please rank the countries in order of duration, having served the most time in #1. - Sri Lanka","{""ImportId"":""QID1216589160_120""}"
Q8_485,"Please select the country(ies) that you have served in.
Please rank the countries in order of duration, having served the most time in #1. - Syria","{""ImportId"":""QID1216589160_121""}"
Q8_486,"Please select the country(ies) that you have served in.
Please rank the countries in order of duration, having served the most time in #1. - Tajikistan","{""ImportId"":""QID1216589160_122""}"
Q8_487,"Please select the country(ies) that you have served in.
Please rank the countries in order of duration, having served the most time in #1. - Thailand","{""ImportId"":""QID1216589160_123""}"
Q8_488,"Please select the country(ies) that you have served in.
Please rank the countries in order of duration, having served the most time in #1. - Timor-Leste","{""ImportId"":""QID1216589160_124""}"
Q8_489,"Please select the country(ies) that you have served in.
Please rank the countries in order of duration, having served the most time in #1. - Turkey","{""ImportId"":""QID1216589160_125""}"
Q8_490,"Please select the country(ies) that you have served in.
Please rank the countries in order of duration, having served the most time in #1. - Turkmenistan","{""ImportId"":""QID1216589160_126""}"
Q8_491,"Please select the country(ies) that you have served in.
Please rank the countries in order of duration, having served the most time in #1. - United Arab Emirates","{""ImportId"":""QID1216589160_127""}"
Q8_492,"Please select the country(ies) that you have served in.
Please rank the countries in order of duration, having served the most time in #1. - Uzbekistan","{""ImportId"":""QID1216589160_128""}"
Q8_493,"Please select the country(ies) that you have served in.
Please rank the countries in order of duration, having served the most time in #1. - Vietnam","{""ImportId"":""QID1216589160_129""}"
Q8_494,"Please select the country(ies) that you have served in.
Please rank the countries in order of duration, having served the most time in #1. - Yemen","{""ImportId"":""QID1216589160_130""}"
Q8_495,"Please select the country(ies) that you have served in.
Please rank the countries in order of duration, having served the most time in #1. - Algeria","{""ImportId"":""QID1216589160_131""}"
Q8_496,"Please select the country(ies) that you have served in.
Please rank the countries in order of duration, having served the most time in #1. - Angola","{""ImportId"":""QID1216589160_132""}"
Q8_497,"Please select the country(ies) that you have served in.
Please rank the countries in order of duration, having served the most time in #1. - Benin","{""ImportId"":""QID1216589160_133""}"
Q8_498,"Please select the country(ies) that you have served in.
Please rank the countries in order of duration, having served the most time in #1. - Botswana","{""ImportId"":""QID1216589160_134""}"
Q8_499,"Please select the country(ies) that you have served in.
Please rank the countries in order of duration, having served the most time in #1. - Burkina Faso","{""ImportId"":""QID1216589160_135""}"
Q8_500,"Please select the country(ies) that you have served in.
Please rank the countries in order of duration, having served the most time in #1. - Burundi","{""ImportId"":""QID1216589160_136""}"
Q8_501,"Please select the country(ies) that you have served in.
Please rank the countries in order of duration, having served the most time in #1. - Cameroon","{""ImportId"":""QID1216589160_137""}"
Q8_502,"Please select the country(ies) that you have served in.
Please rank the countries in order of duration, having served the most time in #1. - Cape Verde","{""ImportId"":""QID1216589160_138""}"
Q8_503,"Please select the country(ies) that you have served in.
Please rank the countries in order of duration, having served the most time in #1. - Central African Republic","{""ImportId"":""QID1216589160_139""}"
Q8_504,"Please select the country(ies) that you have served in.
Please rank the countries in order of duration, having served the most time in #1. - Chad","{""ImportId"":""QID1216589160_140""}"
Q8_505,"Please select the country(ies) that you have served in.
Please rank the countries in order of duration, having served the most time in #1. - Comoros","{""ImportId"":""QID1216589160_141""}"
Q8_506,"Please select the country(ies) that you have served in.
Please rank the countries in order of duration, having served the most time in #1. - Democratic Republic of Congo","{""ImportId"":""QID1216589160_142""}"
Q8_507,"Please select the country(ies) that you have served in.
Please rank the countries in order of duration, having served the most time in #1. - Republic of Congo","{""ImportId"":""QID1216589160_143""}"
Q8_508,"Please select the country(ies) that you have served in.
Please rank the countries in order of duration, having served the most time in #1. - Ivory Coast","{""ImportId"":""QID1216589160_144""}"
Q8_509,"Please select the country(ies) that you have served in.
Please rank the countries in order of duration, having served the most time in #1. - Djibouti","{""ImportId"":""QID1216589160_145""}"
Q8_510,"Please select the country(ies) that you have served in.
Please rank the countries in order of duration, having served the most time in #1. - Egypt","{""ImportId"":""QID1216589160_146""}"
Q8_511,"Please select the country(ies) that you have served in.
Please rank the countries in order of duration, having served the most time in #1. - Equatorial Guinea","{""ImportId"":""QID1216589160_147""}"
Q8_512,"Please select the country(ies) that you have served in.
Please rank the countries in order of duration, having served the most time in #1. - Eritea","{""ImportId"":""QID1216589160_148""}"
Q8_513,"Please select the country(ies) that you have served in.
Please rank the countries in order of duration, having served the most time in #1. - Ethiopia","{""ImportId"":""QID1216589160_149""}"
Q8_514,"Please select the country(ies) that you have served in.
Please rank the countries in order of duration, having served the most time in #1. - Gabon","{""ImportId"":""QID1216589160_150""}"
Q8_515,"Please select the country(ies) that you have served in.
Please rank the countries in order of duration, having served the most time in #1. - Gambia","{""ImportId"":""QID1216589160_151""}"
Q8_516,"Please select the country(ies) that you have served in.
Please rank the countries in order of duration, having served the most time in #1. - Ghana","{""ImportId"":""QID1216589160_152""}"
Q8_517,"Please select the country(ies) that you have served in.
Please rank the countries in order of duration, having served the most time in #1. - Guinea","{""ImportId"":""QID1216589160_153""}"
Q8_518,"Please select the country(ies) that you have served in.
Please rank the countries in order of duration, having served the most time in #1. - Guinea-Bissau","{""ImportId"":""QID1216589160_154""}"
Q8_519,"Please select the country(ies) that you have served in.
Please rank the countries in order of duration, having served the most time in #1. - Kenya","{""ImportId"":""QID1216589160_155""}"
Q8_520,"Please select the country(ies) that you have served in.
Please rank the countries in order of duration, having served the most time in #1. - Lesotho","{""ImportId"":""QID1216589160_156""}"
Q8_521,"Please select the country(ies) that you have served in.
Please rank the countries in order of duration, having served the most time in #1. - Liberia","{""ImportId"":""QID1216589160_157""}"
Q8_522,"Please select the country(ies) that you have served in.
Please rank the countries in order of duration, having served the most time in #1. - Libya","{""ImportId"":""QID1216589160_158""}"
Q8_523,"Please select the country(ies) that you have served in.
Please rank the countries in order of duration, having served the most time in #1. - Madagascar","{""ImportId"":""QID1216589160_159""}"
Q8_524,"Please select the country(ies) that you have served in.
Please rank the countries in order of duration, having served the most time in #1. - Malawi","{""ImportId"":""QID1216589160_160""}"
Q8_525,"Please select the country(ies) that you have served in.
Please rank the countries in order of duration, having served the most time in #1. - Mali","{""ImportId"":""QID1216589160_161""}"
Q8_526,"Please select the country(ies) that you have served in.
Please rank the countries in order of duration, having served the most time in #1. - Mauritania","{""ImportId"":""QID1216589160_162""}"
Q8_527,"Please select the country(ies) that you have served in.
Please rank the countries in order of duration, having served the most time in #1. - Click to write Choice 163","{""ImportId"":""QID1216589160_163""}"
Q8_528,"Please select the country(ies) that you have served in.
Please rank the countries in order of duration, having served the most time in #1. - Mauritius","{""ImportId"":""QID1216589160_164""}"
Q8_529,"Please select the country(ies) that you have served in.
Please rank the countries in order of duration, having served the most time in #1. - Mauritania","{""ImportId"":""QID1216589160_165""}"
Q8_530,"Please select the country(ies) that you have served in.
Please rank the countries in order of duration, having served the most time in #1. - Mauritius","{""ImportId"":""QID1216589160_166""}"
Q8_531,"Please select the country(ies) that you have served in.
Please rank the countries in order of duration, having served the most time in #1. - Morocco","{""ImportId"":""QID1216589160_167""}"
Q8_532,"Please select the country(ies) that you have served in.
Please rank the countries in order of duration, having served the most time in #1. - Mozambique","{""ImportId"":""QID1216589160_168""}"
Q8_533,"Please select the country(ies) that you have served in.
Please rank the countries in order of duration, having served the most time in #1. - Namibia","{""ImportId"":""QID1216589160_169""}"
Q8_534,"Please select the country(ies) that you have served in.
Please rank the countries in order of duration, having served the most time in #1. - Niger","{""ImportId"":""QID1216589160_170""}"
Q8_535,"Please select the country(ies) that you have served in.
Please rank the countries in order of duration, having served the most time in #1. - Nigeria","{""ImportId"":""QID1216589160_171""}"
Q8_536,"Please select the country(ies) that you have served in.
Please rank the countries in order of duration, having served the most time in #1. - Rwanda","{""ImportId"":""QID1216589160_172""}"
Q8_537,"Please select the country(ies) that you have served in.
Please rank the countries in order of duration, having served the most time in #1. - Sao Tome and Principe","{""ImportId"":""QID1216589160_173""}"
Q8_538,"Please select the country(ies) that you have served in.
Please rank the countries in order of duration, having served the most time in #1. - Senegal","{""ImportId"":""QID1216589160_174""}"
Q8_539,"Please select the country(ies) that you have served in.
Please rank the countries in order of duration, having served the most time in #1. - Seychelles","{""ImportId"":""QID1216589160_175""}"
Q8_540,"Please select the country(ies) that you have served in.
Please rank the countries in order of duration, having served the most time in #1. - Sierra Leone","{""ImportId"":""QID1216589160_176""}"
Q8_541,"Please select the country(ies) that you have served in.
Please rank the countries in order of duration, having served the most time in #1. - Somalia","{""ImportId"":""QID1216589160_177""}"
Q8_542,"Please select the country(ies) that you have served in.
Please rank the countries in order of duration, having served the most time in #1. - South Africa","{""ImportId"":""QID1216589160_178""}"
Q8_543,"Please select the country(ies) that you have served in.
Please rank the countries in order of duration, having served the most time in #1. - Sudan","{""ImportId"":""QID1216589160_179""}"
Q8_544,"Please select the country(ies) that you have served in.
Please rank the countries in order of duration, having served the most time in #1. - Swaziland","{""ImportId"":""QID1216589160_180""}"
Q8_545,"Please select the country(ies) that you have served in.
Please rank the countries in order of duration, having served the most time in #1. - Tanzania","{""ImportId"":""QID1216589160_181""}"
Q8_546,"Please select the country(ies) that you have served in.
Please rank the countries in order of duration, having served the most time in #1. - Togo","{""ImportId"":""QID1216589160_182""}"
Q8_547,"Please select the country(ies) that you have served in.
Please rank the countries in order of duration, having served the most time in #1. - Tunisia","{""ImportId"":""QID1216589160_183""}"
Q8_548,"Please select the country(ies) that you have served in.
Please rank the countries in order of duration, having served the most time in #1. - Uganda","{""ImportId"":""QID1216589160_184""}"
Q8_549,"Please select the country(ies) that you have served in.
Please rank the countries in order of duration, having served the most time in #1. - Western Sahara","{""ImportId"":""QID1216589160_185""}"
Q8_550,"Please select the country(ies) that you have served in.
Please rank the countries in order of duration, having served the most time in #1. - Zambia","{""ImportId"":""QID1216589160_186""}"
Q8_551,"Please select the country(ies) that you have served in.
Please rank the countries in order of duration, having served the most time in #1. - Zimbabwe","{""ImportId"":""QID1216589160_187""}"
Q8_552,"Please select the country(ies) that you have served in.
Please rank the countries in order of duration, having served the most time in #1. - Australia","{""ImportId"":""QID1216589160_188""}"
Q8_553,"Please select the country(ies) that you have served in.
Please rank the countries in order of duration, having served the most time in #1. - Fiji","{""ImportId"":""QID1216589160_189""}"
Q8_554,"Please select the country(ies) that you have served in.
Please rank the countries in order of duration, having served the most time in #1. - Guam","{""ImportId"":""QID1216589160_190""}"
Q8_555,"Please select the country(ies) that you have served in.
Please rank the countries in order of duration, having served the most time in #1. - Kiribati","{""ImportId"":""QID1216589160_191""}"
Q8_556,"Please select the country(ies) that you have served in.
Please rank the countries in order of duration, having served the most time in #1. - Marshall Islands","{""ImportId"":""QID1216589160_192""}"
Q8_557,"Please select the country(ies) that you have served in.
Please rank the countries in order of duration, having served the most time in #1. - Micronesia","{""ImportId"":""QID1216589160_193""}"
Q8_558,"Please select the country(ies) that you have served in.
Please rank the countries in order of duration, having served the most time in #1. - Nauru","{""ImportId"":""QID1216589160_194""}"
Q8_559,"Please select the country(ies) that you have served in.
Please rank the countries in order of duration, having served the most time in #1. - New Zealand","{""ImportId"":""QID1216589160_195""}"
Q8_560,"Please select the country(ies) that you have served in.
Please rank the countries in order of duration, having served the most time in #1. - Palau","{""ImportId"":""QID1216589160_196""}"
Q8_561,"Please select the country(ies) that you have served in.
Please rank the countries in order of duration, having served the most time in #1. - Papua New Guniea","{""ImportId"":""QID1216589160_197""}"
Q8_562,"Please select the country(ies) that you have served in.
Please rank the countries in order of duration, having served the most time in #1. - Samoa","{""ImportId"":""QID1216589160_198""}"
Q8_563,"Please select the country(ies) that you have served in.
Please rank the countries in order of duration, having served the most time in #1. - Solomon Islands","{""ImportId"":""QID1216589160_199""}"
Q8_564,"Please select the country(ies) that you have served in.
Please rank the countries in order of duration, having served the most time in #1. - Tonga","{""ImportId"":""QID1216589160_200""}"
Q8_565,"Please select the country(ies) that you have served in.
Please rank the countries in order of duration, having served the most time in #1. - Tuvalu","{""ImportId"":""QID1216589160_201""}"
Q8_567,"Please select the country(ies) that you have served in.
Please rank the countries in order of duration, having served the most time in #1. - Click to write Choice 202","{""ImportId"":""QID1216589160_202""}"
Q9,In what mission did you serve?,"{""ImportId"":""QID1216589161_TEXT""}"
Q10,MissionEndDate,"{""ImportId"":""QID1216589162""}"
Q11,MissionLangMonths,"{""ImportId"":""QID1216589163""}"
Q12,NumNativeComps,"{""ImportId"":""QID1216589164""}"
Q13,NatCompMonths,"{""ImportId"":""QID1216589165""}"
Q14,LanguageSchoolYears,"{""ImportId"":""QID1216589166""}"
Q15,StudyAbroadQuestion,"{""ImportId"":""QID1216589167""}"
Q16,"Were you involved in a Dual Language Immersion (DLI) Program in Elementary, middle, and/or High School? 

(Dual Language Immersion students have 50% of their Elementary instruction in [Field-LangToStudy], and the other 50% is in English. These elementary students generally go on to take two courses in Middle and or High School in the [Field-LangToStudy] language)","{""ImportId"":""QID1216589168""}"
Q17,StudyAbroadLocation,"{""ImportId"":""QID1216589169_TEXT""}"
Q18,StudyAbroadTime,"{""ImportId"":""QID1216589170""}"
Q19,Informally,"{""ImportId"":""QID1216589171_TEXT""}"
Q2,GRIT1,"{""ImportId"":""QID1216589143""}"
Q3,GRIT2,"{""ImportId"":""QID1216589144""}"
Q4,GRIT3,"{""ImportId"":""QID1216589145""}"
Q5,GRIT4,"{""ImportId"":""QID1216589146""}"
Q6,GRIT5,"{""ImportId"":""QID1216589147""}"
Q7,GRIT6,"{""ImportId"":""QID1216589148""}"
Q8,GRIT7,"{""ImportId"":""QID1216589149""}"
Q9,GRIT8,"{""ImportId"":""QID1216589150""}"
Q10,GRIT9,"{""ImportId"":""QID1216589151""}"
Q11,GRITComments,"{""ImportId"":""QID1216589152_TEXT""}"
Q2_1,"NS_At_Home - If I encountered some native speakers of [Field-LangToStudy] in the street, restaurant, hotel, etc., I hope an opportunity would arise and they would talk to me.","{""ImportId"":""QID1216589175_1""}"
Q2_2,"NS_At_Home - If I encountered some native speakers of [Field-LangToStudy] in the street, restaurant, hotel, etc., I would find an excuse and would talk to them.","{""ImportId"":""QID1216589175_2""}"
Q2_3,"NS_At_Home - If I encountered some native speakers of [Field-LangToStudy] who are facing problems in my country because of not knowing our language, I would take advantage of this opportunity and would talk to them.","{""ImportId"":""QID1216589175_3""}"
Q2_4,NS_At_Home - I am willing to accompany some native speakers of [Field-LangToStudy] and be their tour guide for a day free of charge.,"{""ImportId"":""QID1216589175_4""}"
Q2_5,NS_At_Home - I am willing to talk with native speakers of [Field-LangToStudy].,"{""ImportId"":""QID1216589175_5""}"
Q2_6,NS_At_Home - If someone introduced me to a native-speaker of [Field-LangToStudy] I would like to try my abilities in communicating with him/her in [Field-LangToStudy].,"{""ImportId"":""QID1216589175_6""}"
Q3_1,"NS_Online - If I encountered some native speakers of [Field-LangToStudy] in an online forum, I hope an opportunity would arise and they would message me.","{""ImportId"":""QID1216589176_1""}"
Q3_2,"NS_Online - If I encountered some native speakers of [Field-LangToStudy] in an online forum, I would find an excuse and would message them.","{""ImportId"":""QID1216589176_2""}"
Q3_3,"NS_Online - If I encountered some native speakers of [Field-LangToStudy] who are facing problems online because of not knowing our language, I would take advantage of this opportunity and would message them.","{""ImportId"":""QID1216589176_3""}"
Q3_4,NS_Online - I am willing to communicate with native speakers of [Field-LangToStudy] online.,"{""ImportId"":""QID1216589176_4""}"
Q3_5,"NS_Online - If someone introduced me to a native-speaker of [Field-LangToStudy], I would like to try my abilities in communicating with him/her in [Field-LangToStudy] online.","{""ImportId"":""QID1216589176_5""}"
Q4_1,"NNS_SameLang_School - In order to practice my [Field-LangToStudy], I am willing to talk in [Field-LangToStudy] with my classmates outside the class.","{""ImportId"":""QID1216589177_1""}"
Q4_2,NNS_SameLang_School - I am willing to ask questions in [Field-LangToStudy] in the classes at the university.,"{""ImportId"":""QID1216589177_2""}"
Q4_3,NNS_SameLang_School - I am willing to talk and express my opinions in [Field-LangToStudy] in the class when all my classmates are listening to me.,"{""ImportId"":""QID1216589177_3""}"
Q4_4,NNS_SameLang_School - I am willing to have pair and group activities in the class so that I can talk in [Field-LangToStudy] with my classmates.,"{""ImportId"":""QID1216589177_4""}"
Q4_5,NNS_SameLang_School - In order to practice my [Field-LangToStudy] I am willing to talk in [Field-LangToStudy] with my professors outside the class.,"{""ImportId"":""QID1216589177_5""}"
Q4_6,NNS_SameLang_School - I am willing to give a presentation in [Field-LangToStudy] in front of my classmates.,"{""ImportId"":""QID1216589177_6""}"
Q4_7,"NNS_SameLang_School - In group work activities in the class when the group is composed of my friends, I am willing to speak in [Field-LangToStudy].","{""ImportId"":""QID1216589177_7""}"
Q4_8,"NNS_SameLang_School - In group work activities in the class when the group is NOT composed of my friends, I am willing to speak in [Field-LangToStudy].","{""ImportId"":""QID1216589177_8""}"
Q5_1,"NNS_SameLang_Abroad - In order to practice my [Field-LangToStudy], I am willing to speak in [Field-LangToStudy] with native English-speaking missionaries learning [Field-LangToStudy].","{""ImportId"":""QID1216589178_1""}"
Q5_2,NNS_SameLang_Abroad - I am willing to ask questions in [Field-LangToStudy] in large group settings of other native English-speaking missionaries learning [Field-LangToStudy].,"{""ImportId"":""QID1216589178_2""}"
Q5_3,NNS_SameLang_Abroad - I am willing to talk and express my opinions in [Field-LangToStudy] in  large group settings of other native English-speaking missionaries learning [Field-LangToStudy] that are listening to me.,"{""ImportId"":""QID1216589178_3""}"
Q5_4,NNS_SameLang_Abroad - I am willing to speak in [Field-LangToStudy] in pair and small group settings with other native English-speaking missionaries learning [Field-LangToStudy].,"{""ImportId"":""QID1216589178_4""}"
Q5_5,NNS_SameLang_Abroad - I am willing to teach a lesson in [Field-LangToStudy] in front of a large group of other native English-speaking missionaries learning [Field-LangToStudy].,"{""ImportId"":""QID1216589178_5""}"
Q5_6,NNS_SameLang_Abroad - I am willing to speak in [Field-LangToStudy] with a group composed of friends that are also [Field-LangToStudy] learners.,"{""ImportId"":""QID1216589178_6""}"
Q5_7,NNS_SameLang_Abroad - I am willing to speak in [Field-LangToStudy] with a group NOT composed of friends that are also [Field-LangToStudy] learners.,"{""ImportId"":""QID1216589178_7""}"
Q2_1,"NS_At_Home - If I encountered some native speakers of [Field-LangToStudy] in the street, restaurant, hotel, etc., I hope an opportunity would arise and they would talk to me.","{""ImportId"":""QID1216589180_1""}"
Q2_2,"NS_At_Home - If I encountered some native speakers of [Field-LangToStudy] in the street, restaurant, hotel, etc., I would find an excuse and would talk to them.","{""ImportId"":""QID1216589180_2""}"
Q2_3,"NS_At_Home - If I encountered some native speakers of [Field-LangToStudy] who are facing problems in my country because of not knowing our language, I would take advantage of this opportunity and would talk to them.","{""ImportId"":""QID1216589180_3""}"
Q2_4,NS_At_Home - I am willing to accompany some native speakers of [Field-LangToStudy] and be their tour guide for a day free of charge.,"{""ImportId"":""QID1216589180_4""}"
Q2_5,NS_At_Home - I am willing to talk with native speakers of [Field-LangToStudy].,"{""ImportId"":""QID1216589180_5""}"
Q2_6,NS_At_Home - If someone introduced me to a native-speaker of [Field-LangToStudy] I would like to try my abilities in communicating with him/her in [Field-LangToStudy].,"{""ImportId"":""QID1216589180_6""}"
Q3_1,"NS_Online - If I encountered some native speakers of [Field-LangToStudy] in an online forum, I hope an opportunity would arise and they would message me.","{""ImportId"":""QID1216589181_1""}"
Q3_2,"NS_Online - If I encountered some native speakers of [Field-LangToStudy] in an online forum, I would find an excuse and would message them.","{""ImportId"":""QID1216589181_2""}"
Q3_3,"NS_Online - If I encountered some native speakers of [Field-LangToStudy] who are facing problems online because of not knowing our language, I would take advantage of this opportunity and would message them.","{""ImportId"":""QID1216589181_3""}"
Q3_4,NS_Online - I am willing to communicate with native speakers of [Field-LangToStudy] online.,"{""ImportId"":""QID1216589181_4""}"
Q3_5,"NS_Online - If someone introduced me to a native-speaker of [Field-LangToStudy], I would like to try my abilities in communicating with him/her in [Field-LangToStudy] online.","{""ImportId"":""QID1216589181_5""}"
Q4_1,"NNS_SameLang_School - In order to practice my [Field-LangToStudy], I am willing to talk in [Field-LangToStudy] with my classmates outside the class.","{""ImportId"":""QID1216589182_1""}"
Q4_2,NNS_SameLang_School - I am willing to ask questions in [Field-LangToStudy] in the classes at the university.,"{""ImportId"":""QID1216589182_2""}"
Q4_3,NNS_SameLang_School - I am willing to talk and express my opinions in [Field-LangToStudy] in the class when all my classmates are listening to me.,"{""ImportId"":""QID1216589182_3""}"
Q4_4,NNS_SameLang_School - I am willing to have pair and group activities in the class so that I can talk in [Field-LangToStudy] with my classmates.,"{""ImportId"":""QID1216589182_4""}"
Q4_5,NNS_SameLang_School - In order to practice my [Field-LangToStudy] I am willing to talk in [Field-LangToStudy] with my professors outside the class.,"{""ImportId"":""QID1216589182_5""}"
Q4_6,NNS_SameLang_School - I am willing to give a presentation in [Field-LangToStudy] in front of my classmates.,"{""ImportId"":""QID1216589182_6""}"
Q4_7,"NNS_SameLang_School - In group work activities in the class when the group is composed of my friends, I am willing to speak in [Field-LangToStudy].","{""ImportId"":""QID1216589182_7""}"
Q4_8,"NNS_SameLang_School - In group work activities in the class when the group is NOT composed of my friends, I am willing to speak in [Field-LangToStudy].","{""ImportId"":""QID1216589182_8""}"
Q5_1,"NNS_SameLang_Abroad - In order to practice my [Field-LangToStudy], I am willing to speak in [Field-LangToStudy] with native English-speaking missionaries learning [Field-LangToStudy].","{""ImportId"":""QID1216589183_1""}"
Q5_2,NNS_SameLang_Abroad - I am willing to ask questions in [Field-LangToStudy] in large group settings of other native English-speaking missionaries learning [Field-LangToStudy].,"{""ImportId"":""QID1216589183_2""}"
Q5_3,NNS_SameLang_Abroad - I am willing to talk and express my opinions in [Field-LangToStudy] in  large group settings of other native English-speaking missionaries learning [Field-LangToStudy] that are listening to me.,"{""ImportId"":""QID1216589183_3""}"
Q5_4,NNS_SameLang_Abroad - I am willing to speak in [Field-LangToStudy] in pair and small group settings with other native English-speaking missionaries learning [Field-LangToStudy].,"{""ImportId"":""QID1216589183_4""}"
Q5_5,NNS_SameLang_Abroad - I am willing to teach a lesson in [Field-LangToStudy] in front of a large group of other native English-speaking missionaries learning [Field-LangToStudy].,"{""ImportId"":""QID1216589183_5""}"
Q5_6,NNS_SameLang_Abroad - I am willing to speak in [Field-LangToStudy] with a group composed of friends that are also [Field-LangToStudy] learners.,"{""ImportId"":""QID1216589183_6""}"
Q5_7,NNS_SameLang_Abroad - I am willing to speak in [Field-LangToStudy] with a group NOT composed of friends that are also [Field-LangToStudy] learners.,"{""ImportId"":""QID1216589183_7""}"
Q3,FamNovSp,"{""ImportId"":""QID1216589186""}"
Q4,SchWrkNovSp,"{""ImportId"":""QID1216589187""}"
Q5,SchWrkNovWr,"{""ImportId"":""QID1216589188""}"
Q6,FamNovWr,"{""ImportId"":""QID1216589189""}"
Q8,FamIntCrSp,"{""ImportId"":""QID1216589191""}"
Q9,FamIntQASp,"{""ImportId"":""QID1216589192""}"
Q10,SchWrkIntCrSp,"{""ImportId"":""QID1216589193""}"
Q11,SchWrkIntQASp,"{""ImportId"":""QID1216589194""}"
Q12,FamIntCrWr,"{""ImportId"":""QID1216589195""}"
Q13,FamIntQAWr,"{""ImportId"":""QID1216589196""}"
Q14,SchWrkIntCrWr,"{""ImportId"":""QID1216589197""}"
Q15,SchWrkIntQAWr,"{""ImportId"":""QID1216589198""}"
Q17,FamAdvPNDSp,"{""ImportId"":""QID1216589200""}"
Q18,FamAdvNegCompSp,"{""ImportId"":""QID1216589201""}"
Q19,SchWrkAdvNDPSp,"{""ImportId"":""QID1216589202""}"
Q20,SchWrkAdvNegComSp,"{""ImportId"":""QID1216589203""}"
Q21,FamAdvNDPWr,"{""ImportId"":""QID1216589204""}"
Q22,FamAdvNegComWr,"{""ImportId"":""QID1216589205""}"
Q23,SchWrkAdvNDPWr,"{""ImportId"":""QID1216589206""}"
Q24,SchWrkAdvNegComWr,"{""ImportId"":""QID1216589207""}"
Q26,FamSupSp,"{""ImportId"":""QID1216589209""}"
Q27,SchWrkSupSp,"{""ImportId"":""QID1216589210""}"
Q28,FamSupWr,"{""ImportId"":""QID1216589211""}"
Q29,SchWrkSupWr,"{""ImportId"":""QID1216589212""}"
QID313_Browser,Browser Meta Info - Browser,"{""ImportId"":""QID313_BROWSER""}"
QID313_Version,Browser Meta Info - Version,"{""ImportId"":""QID313_VERSION""}"
QID313_Operating System,Browser Meta Info - Operating System,"{""ImportId"":""QID313_OS""}"
QID313_Resolution,Browser Meta Info - Resolution,"{""ImportId"":""QID313_RESOLUTION""}"
ClassLevel,SelfWriting,"{""ImportId"":""QID194""}"
Q160,What's Self-Assessed Speaking?,"{""ImportId"":""QID334""}"
Q158,What's class level variable?,"{""ImportId"":""QID332""}"
Q212,SpeakStudy - Selected Choice,"{""ImportId"":""QID207""}"
Q212_61_TEXT,SpeakStudy - Other: - Text,"{""ImportId"":""QID207_15_TEXT""}"
Q2_First Click,Timing - First Click,"{""ImportId"":""QID49_FIRST_CLICK""}"
Q2_Last Click,Timing - Last Click,"{""ImportId"":""QID49_LAST_CLICK""}"
Q2_Page Submit,Timing - Page Submit,"{""ImportId"":""QID49_PAGE_SUBMIT""}"
Q2_Click Count,Timing - Click Count,"{""ImportId"":""QID49_CLICK_COUNT""}"
Q183_First Click,Timing - First Click,"{""ImportId"":""QID357_FIRST_CLICK""}"
Q183_Last Click,Timing - Last Click,"{""ImportId"":""QID357_LAST_CLICK""}"
Q183_Page Submit,Timing - Page Submit,"{""ImportId"":""QID357_PAGE_SUBMIT""}"
Q183_Click Count,Timing - Click Count,"{""ImportId"":""QID357_CLICK_COUNT""}"
Q173_Id,NovWritR1 (Chinese) - Id,"{""ImportId"":""QID347_FILE_ID""}"
Q173_Name,NovWritR1 (Chinese) - Name,"{""ImportId"":""QID347_FILE_NAME""}"
Q173_Size,NovWritR1 (Chinese) - Size,"{""ImportId"":""QID347_FILE_SIZE""}"
Q173_Type,NovWritR1 (Chinese) - Type,"{""ImportId"":""QID347_FILE_TYPE""}"
Q319,NovWritR1,"{""ImportId"":""QID317_TEXT""}"
Q231,Function2,"{""ImportId"":""QID231""}"
Q232,TextType,"{""ImportId"":""QID232""}"
Q233,AccGram,"{""ImportId"":""QID233""}"
Q235,WriteHandVsType,"{""ImportId"":""QID235""}"
Q4_Browser,Browser Meta Info - Browser,"{""ImportId"":""QID98_BROWSER""}"
Q4_Version,Browser Meta Info - Version,"{""ImportId"":""QID98_VERSION""}"
Q4_Operating System,Browser Meta Info - Operating System,"{""ImportId"":""QID98_OS""}"
Q4_Resolution,Browser Meta Info - Resolution,"{""ImportId"":""QID98_RESOLUTION""}"
Q7_Id,NovSp1Upload - Id,"{""ImportId"":""QID101_FILE_ID""}"
Q7_Name,NovSp1Upload - Name,"{""ImportId"":""QID101_FILE_NAME""}"
Q7_Size,NovSp1Upload - Size,"{""ImportId"":""QID101_FILE_SIZE""}"
Q7_Type,NovSp1Upload - Type,"{""ImportId"":""QID101_FILE_TYPE""}"
Q236,Function2,"{""ImportId"":""QID236""}"
Q237,TextType,"{""ImportId"":""QID237""}"
Q238,AccGram,"{""ImportId"":""QID238""}"
Q239,AccPron,"{""ImportId"":""QID239""}"
Q9_First Click,Timing - First Click,"{""ImportId"":""QID108_FIRST_CLICK""}"
Q9_Last Click,Timing - Last Click,"{""ImportId"":""QID108_LAST_CLICK""}"
Q9_Page Submit,Timing - Page Submit,"{""ImportId"":""QID108_PAGE_SUBMIT""}"
Q9_Click Count,Timing - Click Count,"{""ImportId"":""QID108_CLICK_COUNT""}"
Q184_First Click,Timing - First Click,"{""ImportId"":""QID358_FIRST_CLICK""}"
Q184_Last Click,Timing - Last Click,"{""ImportId"":""QID358_LAST_CLICK""}"
Q184_Page Submit,Timing - Page Submit,"{""ImportId"":""QID358_PAGE_SUBMIT""}"
Q184_Click Count,Timing - Click Count,"{""ImportId"":""QID358_CLICK_COUNT""}"
Q10,IntWritR1,"{""ImportId"":""QID109_TEXT""}"
Q177_Id,IntWritR1 (Chinese) - Id,"{""ImportId"":""QID351_FILE_ID""}"
Q177_Name,IntWritR1 (Chinese) - Name,"{""ImportId"":""QID351_FILE_NAME""}"
Q177_Size,IntWritR1 (Chinese) - Size,"{""ImportId"":""QID351_FILE_SIZE""}"
Q177_Type,IntWritR1 (Chinese) - Type,"{""ImportId"":""QID351_FILE_TYPE""}"
Q241,Function2,"{""ImportId"":""QID241""}"
Q242,TextType,"{""ImportId"":""QID242""}"
Q243,AccGram,"{""ImportId"":""QID243""}"
Q245,WriteHandVsType,"{""ImportId"":""QID245""}"
Q11_Browser,Browser Meta Info - Browser,"{""ImportId"":""QID110_BROWSER""}"
Q11_Version,Browser Meta Info - Version,"{""ImportId"":""QID110_VERSION""}"
Q11_Operating System,Browser Meta Info - Operating System,"{""ImportId"":""QID110_OS""}"
Q11_Resolution,Browser Meta Info - Resolution,"{""ImportId"":""QID110_RESOLUTION""}"
Q14_Id,IntSp1Upload - Id,"{""ImportId"":""QID113_FILE_ID""}"
Q14_Name,IntSp1Upload - Name,"{""ImportId"":""QID113_FILE_NAME""}"
Q14_Size,IntSp1Upload - Size,"{""ImportId"":""QID113_FILE_SIZE""}"
Q14_Type,IntSp1Upload - Type,"{""ImportId"":""QID113_FILE_TYPE""}"
Q256,Function2,"{""ImportId"":""QID256""}"
Q257,TextType,"{""ImportId"":""QID257""}"
Q258,AccGram,"{""ImportId"":""QID258""}"
Q259,AccPron,"{""ImportId"":""QID259""}"
Q15_Browser,Browser Meta Info - Browser,"{""ImportId"":""QID114_BROWSER""}"
Q15_Version,Browser Meta Info - Version,"{""ImportId"":""QID114_VERSION""}"
Q15_Operating System,Browser Meta Info - Operating System,"{""ImportId"":""QID114_OS""}"
Q15_Resolution,Browser Meta Info - Resolution,"{""ImportId"":""QID114_RESOLUTION""}"
Q18_Id,IntSp2Upload - Id,"{""ImportId"":""QID117_FILE_ID""}"
Q18_Name,IntSp2Upload - Name,"{""ImportId"":""QID117_FILE_NAME""}"
Q18_Size,IntSp2Upload - Size,"{""ImportId"":""QID117_FILE_SIZE""}"
Q18_Type,IntSp2Upload - Type,"{""ImportId"":""QID117_FILE_TYPE""}"
Q260,Function2,"{""ImportId"":""QID260""}"
Q261,TextType,"{""ImportId"":""QID261""}"
Q262,AccGram,"{""ImportId"":""QID262""}"
Q263,AccPron,"{""ImportId"":""QID263""}"
Q23_Browser,Browser Meta Info - Browser,"{""ImportId"":""QID122_BROWSER""}"
Q23_Version,Browser Meta Info - Version,"{""ImportId"":""QID122_VERSION""}"
Q23_Operating System,Browser Meta Info - Operating System,"{""ImportId"":""QID122_OS""}"
Q23_Resolution,Browser Meta Info - Resolution,"{""ImportId"":""QID122_RESOLUTION""}"
Q26_Id,IntSp4Upload - Id,"{""ImportId"":""QID125_FILE_ID""}"
Q26_Name,IntSp4Upload - Name,"{""ImportId"":""QID125_FILE_NAME""}"
Q26_Size,IntSp4Upload - Size,"{""ImportId"":""QID125_FILE_SIZE""}"
Q26_Type,IntSp4Upload - Type,"{""ImportId"":""QID125_FILE_TYPE""}"
Q268,Function2,"{""ImportId"":""QID268""}"
Q269,TextType,"{""ImportId"":""QID269""}"
Q270,AccGram,"{""ImportId"":""QID270""}"
Q271,AccPron,"{""ImportId"":""QID271""}"
Q19_Browser,Browser Meta Info - Browser,"{""ImportId"":""QID118_BROWSER""}"
Q19_Version,Browser Meta Info - Version,"{""ImportId"":""QID118_VERSION""}"
Q19_Operating System,Browser Meta Info - Operating System,"{""ImportId"":""QID118_OS""}"
Q19_Resolution,Browser Meta Info - Resolution,"{""ImportId"":""QID118_RESOLUTION""}"
Q22_Id,IntSp3Upload - Id,"{""ImportId"":""QID121_FILE_ID""}"
Q22_Name,IntSp3Upload - Name,"{""ImportId"":""QID121_FILE_NAME""}"
Q22_Size,IntSp3Upload - Size,"{""ImportId"":""QID121_FILE_SIZE""}"
Q22_Type,IntSp3Upload - Type,"{""ImportId"":""QID121_FILE_TYPE""}"
Q264,Function2,"{""ImportId"":""QID264""}"
Q265,TextType,"{""ImportId"":""QID265""}"
Q266,AccGram,"{""ImportId"":""QID266""}"
Q267,AccPron,"{""ImportId"":""QID267""}"
Q28_First Click,Timing - First Click,"{""ImportId"":""QID126_FIRST_CLICK""}"
Q28_Last Click,Timing - Last Click,"{""ImportId"":""QID126_LAST_CLICK""}"
Q28_Page Submit,Timing - Page Submit,"{""ImportId"":""QID126_PAGE_SUBMIT""}"
Q28_Click Count,Timing - Click Count,"{""ImportId"":""QID126_CLICK_COUNT""}"
Q185_First Click,Timing - First Click,"{""ImportId"":""QID359_FIRST_CLICK""}"
Q185_Last Click,Timing - Last Click,"{""ImportId"":""QID359_LAST_CLICK""}"
Q185_Page Submit,Timing - Page Submit,"{""ImportId"":""QID359_PAGE_SUBMIT""}"
Q185_Click Count,Timing - Click Count,"{""ImportId"":""QID359_CLICK_COUNT""}"
Q29,AdvWrit1,"{""ImportId"":""QID127_TEXT""}"
Q179_Id,AdvWrit1 (Chinese) - Id,"{""ImportId"":""QID353_FILE_ID""}"
Q179_Name,AdvWrit1 (Chinese) - Name,"{""ImportId"":""QID353_FILE_NAME""}"
Q179_Size,AdvWrit1 (Chinese) - Size,"{""ImportId"":""QID353_FILE_SIZE""}"
Q179_Type,AdvWrit1 (Chinese) - Type,"{""ImportId"":""QID353_FILE_TYPE""}"
Q246,Function2,"{""ImportId"":""QID246""}"
Q247,TextType,"{""ImportId"":""QID247""}"
Q248,AccGram,"{""ImportId"":""QID248""}"
Q250,WriteHandVsType,"{""ImportId"":""QID250""}"
Q128_Browser,Browser Meta Info - Browser,"{""ImportId"":""QID128_BROWSER""}"
Q128_Version,Browser Meta Info - Version,"{""ImportId"":""QID128_VERSION""}"
Q128_Operating System,Browser Meta Info - Operating System,"{""ImportId"":""QID128_OS""}"
Q128_Resolution,Browser Meta Info - Resolution,"{""ImportId"":""QID128_RESOLUTION""}"
Q131_Id,AdvSp1Upload - Id,"{""ImportId"":""QID131_FILE_ID""}"
Q131_Name,AdvSp1Upload - Name,"{""ImportId"":""QID131_FILE_NAME""}"
Q131_Size,AdvSp1Upload - Size,"{""ImportId"":""QID131_FILE_SIZE""}"
Q131_Type,AdvSp1Upload - Type,"{""ImportId"":""QID131_FILE_TYPE""}"
Q272,Function2,"{""ImportId"":""QID272""}"
Q273,TextType,"{""ImportId"":""QID273""}"
Q274,AccGram,"{""ImportId"":""QID274""}"
Q275,AccPron,"{""ImportId"":""QID275""}"
Q132_Browser,Browser Meta Info - Browser,"{""ImportId"":""QID132_BROWSER""}"
Q132_Version,Browser Meta Info - Version,"{""ImportId"":""QID132_VERSION""}"
Q132_Operating System,Browser Meta Info - Operating System,"{""ImportId"":""QID132_OS""}"
Q132_Resolution,Browser Meta Info - Resolution,"{""ImportId"":""QID132_RESOLUTION""}"
Q135_Id,AdvSp2Upload - Id,"{""ImportId"":""QID135_FILE_ID""}"
Q135_Name,AdvSp2Upload - Name,"{""ImportId"":""QID135_FILE_NAME""}"
Q135_Size,AdvSp2Upload - Size,"{""ImportId"":""QID135_FILE_SIZE""}"
Q135_Type,AdvSp2Upload - Type,"{""ImportId"":""QID135_FILE_TYPE""}"
Q276,Function2,"{""ImportId"":""QID276""}"
Q277,TextType,"{""ImportId"":""QID277""}"
Q278,AccGram,"{""ImportId"":""QID278""}"
Q279,AccPron,"{""ImportId"":""QID279""}"
Q136_Browser,Browser Meta Info - Browser,"{""ImportId"":""QID136_BROWSER""}"
Q136_Version,Browser Meta Info - Version,"{""ImportId"":""QID136_VERSION""}"
Q136_Operating System,Browser Meta Info - Operating System,"{""ImportId"":""QID136_OS""}"
Q136_Resolution,Browser Meta Info - Resolution,"{""ImportId"":""QID136_RESOLUTION""}"
Q139_Id,AdvSp3Upload - Id,"{""ImportId"":""QID139_FILE_ID""}"
Q139_Name,AdvSp3Upload - Name,"{""ImportId"":""QID139_FILE_NAME""}"
Q139_Size,AdvSp3Upload - Size,"{""ImportId"":""QID139_FILE_SIZE""}"
Q139_Type,AdvSp3Upload - Type,"{""ImportId"":""QID139_FILE_TYPE""}"
Q280,Function2,"{""ImportId"":""QID280""}"
Q281,TextType,"{""ImportId"":""QID281""}"
Q282,AccGram,"{""ImportId"":""QID282""}"
Q283,AccPron,"{""ImportId"":""QID283""}"
Q144_First Click,Timing - First Click,"{""ImportId"":""QID144_FIRST_CLICK""}"
Q144_Last Click,Timing - Last Click,"{""ImportId"":""QID144_LAST_CLICK""}"
Q144_Page Submit,Timing - Page Submit,"{""ImportId"":""QID144_PAGE_SUBMIT""}"
Q144_Click Count,Timing - Click Count,"{""ImportId"":""QID144_CLICK_COUNT""}"
Q186_First Click,Timing - First Click,"{""ImportId"":""QID360_FIRST_CLICK""}"
Q186_Last Click,Timing - Last Click,"{""ImportId"":""QID360_LAST_CLICK""}"
Q186_Page Submit,Timing - Page Submit,"{""ImportId"":""QID360_PAGE_SUBMIT""}"
Q186_Click Count,Timing - Click Count,"{""ImportId"":""QID360_CLICK_COUNT""}"
Q145,SupWr1,"{""ImportId"":""QID145_TEXT""}"
Q181_Id,SupWr1 (Chinese) - Id,"{""ImportId"":""QID355_FILE_ID""}"
Q181_Name,SupWr1 (Chinese) - Name,"{""ImportId"":""QID355_FILE_NAME""}"
Q181_Size,SupWr1 (Chinese) - Size,"{""ImportId"":""QID355_FILE_SIZE""}"
Q181_Type,SupWr1 (Chinese) - Type,"{""ImportId"":""QID355_FILE_TYPE""}"
Q251,Function2,"{""ImportId"":""QID251""}"
Q252,TextType,"{""ImportId"":""QID252""}"
Q253,AccGram,"{""ImportId"":""QID253""}"
Q255,WriteHandVsType,"{""ImportId"":""QID255""}"
Q140_Browser,Browser Meta Info - Browser,"{""ImportId"":""QID140_BROWSER""}"
Q140_Version,Browser Meta Info - Version,"{""ImportId"":""QID140_VERSION""}"
Q140_Operating System,Browser Meta Info - Operating System,"{""ImportId"":""QID140_OS""}"
Q140_Resolution,Browser Meta Info - Resolution,"{""ImportId"":""QID140_RESOLUTION""}"
Q143_Id,SupSp1Upload - Id,"{""ImportId"":""QID143_FILE_ID""}"
Q143_Name,SupSp1Upload - Name,"{""ImportId"":""QID143_FILE_NAME""}"
Q143_Size,SupSp1Upload - Size,"{""ImportId"":""QID143_FILE_SIZE""}"
Q143_Type,SupSp1Upload - Type,"{""ImportId"":""QID143_FILE_TYPE""}"
Q284,Function2,"{""ImportId"":""QID284""}"
Q285,TextType,"{""ImportId"":""QID285""}"
Q286,AccGram,"{""ImportId"":""QID286""}"
Q287,AccPron,"{""ImportId"":""QID287""}"
Q325,InstructorEmail,"{""ImportId"":""QID325_TEXT""}"
SC0,Novice,"{""ImportId"":""SC_4GiJSnyI50cX0Zo""}"
SC1,Intermediate,"{""ImportId"":""SC_em6Wq1czeeopa7Q""}"
SC2,Advanced,"{""ImportId"":""SC_1R3BgbDTS47yJa6""}"
SC3,Superior,"{""ImportId"":""SC_5vtkgsZr7P4IVi6""}"
SC4,LangDistEng,"{""ImportId"":""SC_b9Omb35cgCyffdc""}"
SC5,NativeLanguage,"{""ImportId"":""SC_6M7i5rnIiq2E5lc""}"
SC6,MissionLangMonths,"{""ImportId"":""SC_2rieGqV7BS01Jjg""}"
SC7,NatCompMonths,"{""ImportId"":""SC_723GnztAhwjIFHU""}"
SC8,StudyAbroad,"{""ImportId"":""SC_2rf79P5MKxFKNW6""}"
SC9,Language Learner Background,"{""ImportId"":""SC_dgafat7pZ2MlH3o""}"
SC10,SelfAssessNovSpeak,"{""ImportId"":""SC_0D0lyPQEqbwrGL4""}"
SC11,SelfAssessIntSpeak,"{""ImportId"":""SC_5guAUAg9OkQNDeu""}"
SC12,SelfAssessAdvSpeak,"{""ImportId"":""SC_cMz1aYVcONeQCh0""}"
SC13,SelfAssessSupSpeak,"{""ImportId"":""SC_0Ai8r7H1wlr8B1Q""}"
SC14,SelfAssessNovWrite,"{""ImportId"":""SC_4ITf6osvxfU548u""}"
SC15,SelfAssessIntWrite,"{""ImportId"":""SC_cZvkMDTiHQ4eOai""}"
SC16,SelfAssessAdvWrite,"{""ImportId"":""SC_9oSs1OX4K3piy6W""}"
SC17,SelfAssessSupWrite,"{""ImportId"":""SC_e8JIf9uBh7OO7Eq""}"
SC18,Grit,"{""ImportId"":""SC_a4zBSG5T70U6Ncq""}"
CurrentDate,CurrentDate,"{""ImportId"":""CurrentDate""}"
CurrentYear,CurrentYear,"{""ImportId"":""CurrentYear""}"
Term1,Term1,"{""ImportId"":""Term1""}"
Term2,Term2,"{""ImportId"":""Term2""}"
Term3,Term3,"{""ImportId"":""Term3""}"
BYU_email,BYU_email,"{""ImportId"":""BYU_email""}"
Username_Lang,Username_Lang,"{""ImportId"":""Username_Lang""}"
Class,Class,"{""ImportId"":""Class""}"
LangToStudy,LangToStudy,"{""ImportId"":""LangToStudy""}"
LangDistEng,LangDistEng,"{""ImportId"":""LangDistEng""}"
EnrolledCourse,EnrolledCourse,"{""ImportId"":""EnrolledCourse""}"
willBool,willBool,"{""ImportId"":""willBool""}"
LanguageSchoolYears,LanguageSchoolYears,"{""ImportId"":""LanguageSchoolYears""}"
SpeakStudy,SpeakStudy,"{""ImportId"":""SpeakStudy""}"
NativeLangScore,NativeLangScore,"{""ImportId"":""NativeLangScore""}"
NativeLanguage,NativeLanguage,"{""ImportId"":""NativeLanguage""}"
SpeakStudy_NativeLanguage,SpeakStudy_NativeLanguage,"{""ImportId"":""SpeakStudy_NativeLanguage""}"
MissionLangMonths,MissionLangMonths,"{""ImportId"":""MissionLangMonths""}"
NatCompMonths_MissionLangMonths,NatCompMonths_MissionLangMonths,"{""ImportId"":""NatCompMonths_MissionLangMonths""}"
StudyAbroad_MissionLangMonths,StudyAbroad_MissionLangMonths,"{""ImportId"":""StudyAbroad_MissionLangMonths""}"
AdjMissionLangExposure,AdjMissionLangExposure,"{""ImportId"":""AdjMissionLangExposure""}"
LanguageImmersion,LanguageImmersion,"{""ImportId"":""LanguageImmersion""}"
LanguageImmersionHours,LanguageImmersionHours,"{""ImportId"":""LanguageImmersionHours""}"
Lang_Learn_Background,Lang_Learn_Background,"{""ImportId"":""Lang_Learn_Background""}"
NovSelfAssessSpeak,NovSelfAssessSpeak,"{""ImportId"":""NovSelfAssessSpeak""}"
IntSelfAssessSpeak,IntSelfAssessSpeak,"{""ImportId"":""IntSelfAssessSpeak""}"
AdvSelfAssessSpeak,AdvSelfAssessSpeak,"{""ImportId"":""AdvSelfAssessSpeak""}"
SupSelfAssessSpeak,SupSelfAssessSpeak,"{""ImportId"":""SupSelfAssessSpeak""}"
NovSelfAssessWrite,NovSelfAssessWrite,"{""ImportId"":""NovSelfAssessWrite""}"
IntSelfAssessWrite,IntSelfAssessWrite,"{""ImportId"":""IntSelfAssessWrite""}"
AdvSelfAssessWrite,AdvSelfAssessWrite,"{""ImportId"":""AdvSelfAssessWrite""}"
SupSelfAssessWrite,SupSelfAssessWrite,"{""ImportId"":""SupSelfAssessWrite""}"
hookType,hookType,"{""ImportId"":""hookType""}"
SelfAssessSpeak_Ave,SelfAssessSpeak_Ave,"{""ImportId"":""SelfAssessSpeak_Ave""}"
SelfAssessWrite_Ave,SelfAssessWrite_Ave,"{""ImportId"":""SelfAssessWrite_Ave""}"
SpeakSelfAssess,SpeakSelfAssess,"{""ImportId"":""SpeakSelfAssess""}"
SpeakSelfAssessMajLev,SpeakSelfAssessMajLev,"{""ImportId"":""SpeakSelfAssessMajLev""}"
WriteSelfAssess,WriteSelfAssess,"{""ImportId"":""WriteSelfAssess""}"
WriteSelfAssessMajLevel,WriteSelfAssessMajLevel,"{""ImportId"":""WriteSelfAssessMajLevel""}"
Language Exposure,Language Exposure,"{""ImportId"":""Language Exposure""}"
LangExpLabel,LangExpLabel,"{""ImportId"":""LangExpLabel""}"
Grit,Grit,"{""ImportId"":""Grit""}"
LLBackgroundAdjustment,LLBackgroundAdjustment,"{""ImportId"":""LLBackgroundAdjustment""}"
UnadjCourseRecScore,UnadjCourseRecScore,"{""ImportId"":""UnadjCourseRecScore""}"
UnadjCourseRecLabel,UnadjCourseRecLabel,"{""ImportId"":""UnadjCourseRecLabel""}"
AdjCourseRecScore,AdjCourseRecScore,"{""ImportId"":""AdjCourseRecScore""}"
AdjCourseRecLabel,AdjCourseRecLabel,"{""ImportId"":""AdjCourseRecLabel""}"
Q_CHL,Q_CHL,"{""ImportId"":""Q_CHL""}"
CourseRecommend,CourseRecommend,"{""ImportId"":""CourseRecommend""}"
NetID,NetID,"{""ImportId"":""NetID""}"
InstructorEmail,InstructorEmail,"{""ImportId"":""InstructorEmail""}"
InstructorLastName,InstructorLastName,"{""ImportId"":""InstructorLastName""}"
RecommendedLevel,RecommendedLevel,"{""ImportId"":""RecommendedLevel""}"
Beg_1,Beg_1,"{""ImportId"":""Beg_1""}"
Beg_2,Beg_2,"{""ImportId"":""Beg_2""}"
Int_1,Int_1,"{""ImportId"":""Int_1""}"
Int_2,Int_2,"{""ImportId"":""Int_2""}"
Adv,Adv,"{""ImportId"":""Adv""}"
Dept,Dept,"{""ImportId"":""Dept""}"
NovWritR1,NovWritR1,"{""ImportId"":""NovWritR1""}"
NovSpR1_URL,NovSpR1_URL,"{""ImportId"":""NovSpR1_URL""}"
NoviceSelfRating,NoviceSelfRating,"{""ImportId"":""NoviceSelfRating""}"
NovWritR1_Chi,NovWritR1_Chi,"{""ImportId"":""NovWritR1_Chi""}"
IntWritR1,IntWritR1,"{""ImportId"":""IntWritR1""}"
IntSpR1_URL,IntSpR1_URL,"{""ImportId"":""IntSpR1_URL""}"
IntSpR2_URL,IntSpR2_URL,"{""ImportId"":""IntSpR2_URL""}"
IntSpR3_URL,IntSpR3_URL,"{""ImportId"":""IntSpR3_URL""}"
IntSpR4_URL,IntSpR4_URL,"{""ImportId"":""IntSpR4_URL""}"
IntSelfRating,IntSelfRating,"{""ImportId"":""IntSelfRating""}"
IntWritR1_Chi,IntWritR1_Chi,"{""ImportId"":""IntWritR1_Chi""}"
AdvWritR1,AdvWritR1,"{""ImportId"":""AdvWritR1""}"
AdvSpR1_URL,AdvSpR1_URL,"{""ImportId"":""AdvSpR1_URL""}"
AdvSpR2_URL,AdvSpR2_URL,"{""ImportId"":""AdvSpR2_URL""}"
AdvSpR3_URL,AdvSpR3_URL,"{""ImportId"":""AdvSpR3_URL""}"
AdvSelfRating,AdvSelfRating,"{""ImportId"":""AdvSelfRating""}"
AdvWritR1_Chi,AdvWritR1_Chi,"{""ImportId"":""AdvWritR1_Chi""}"
SupWritR1,SupWritR1,"{""ImportId"":""SupWritR1""}"
SupSpR1_URL,SupSpR1_URL,"{""ImportId"":""SupSpR1_URL""}"
SupSelfRating,SupSelfRating,"{""ImportId"":""SupSelfRating""}"
SupWritR1_Chi,SupWritR1_Chi,"{""ImportId"":""SupWritR1_Chi""}"
FinClassRecScore,FinClassRecScore,"{""ImportId"":""FinClassRecScore""}"
FinalClassRecommend,FinalClassRecommend,"{""ImportId"":""FinalClassRecommend""}"
ClassNumber,ClassNumber,"{""ImportId"":""ClassNumber""}"
ScoreReportPart1,ScoreReportPart1,"{""ImportId"":""ScoreReportPart1""}"
ScoreReport,ScoreReport,"{""ImportId"":""ScoreReport""}"
OPIc_Score,,
OPIc_Date,,
WPT_Score,,
WPT_Date,,
OPI_Score,,
OPI_Date,,
